pcode,county,year_month,conflict_events,conflict_fatalities
KE030,Baringo,2006-08,1,5
KE030,Baringo,2007-07,1,0
KE030,Baringo,2007-10,1,2
KE030,Baringo,2007-11,2,0
KE030,Baringo,2007-12,1,9
KE030,Baringo,2008-01,2,1
KE030,Baringo,2008-02,1,0
KE030,Baringo,2008-03,2,29
KE030,Baringo,2008-08,1,0
KE030,Baringo,2011-01,1,2
KE030,Baringo,2011-12,1,0
KE030,Baringo,2012-10,2,2
KE030,Baringo,2012-11,1,1
KE030,Baringo,2012-12,3,4
KE030,Baringo,2013-01,1,0
KE030,Baringo,2013-02,3,8
KE030,Baringo,2013-03,3,4
KE030,Baringo,2013-04,2,4
KE030,Baringo,2013-05,1,10
KE030,Baringo,2014-01,3,32
KE030,Baringo,2014-03,2,1
KE030,Baringo,2014-06,3,2
KE030,Baringo,2014-08,2,3
KE030,Baringo,2014-10,2,9
KE030,Baringo,2014-12,1,0
KE030,Baringo,2015-02,3,55
KE030,Baringo,2015-03,1,1
KE030,Baringo,2015-11,1,1
KE030,Baringo,2016-01,2,4
KE030,Baringo,2017-02,6,16
KE030,Baringo,2017-03,3,0
KE030,Baringo,2017-04,1,5
KE030,Baringo,2017-05,1,1
KE030,Baringo,2017-06,3,6
KE030,Baringo,2017-08,5,15
KE030,Baringo,2017-09,1,5
KE030,Baringo,2017-10,1,0
KE030,Baringo,2017-11,4,15
KE030,Baringo,2018-01,1,1
KE030,Baringo,2018-04,5,14
KE030,Baringo,2018-08,1,0
KE030,Baringo,2018-09,2,3
KE030,Baringo,2018-10,5,6
KE030,Baringo,2018-11,1,1
KE030,Baringo,2018-12,2,2
KE030,Baringo,2019-01,1,1
KE030,Baringo,2019-02,2,7
KE030,Baringo,2019-05,2,1
KE030,Baringo,2019-10,2,3
KE030,Baringo,2019-11,2,4
KE030,Baringo,2019-12,1,1
KE030,Baringo,2020-01,1,1
KE030,Baringo,2020-02,2,3
KE030,Baringo,2020-03,1,0
KE030,Baringo,2020-04,3,1
KE030,Baringo,2020-09,1,0
KE030,Baringo,2020-12,1,1
KE030,Baringo,2021-01,6,16
KE030,Baringo,2021-03,2,1
KE030,Baringo,2021-07,3,2
KE030,Baringo,2021-10,1,1
KE030,Baringo,2021-11,1,1
KE030,Baringo,2022-01,7,5
KE030,Baringo,2022-02,4,13
KE030,Baringo,2022-03,2,3
KE030,Baringo,2022-04,7,5
KE030,Baringo,2022-05,11,14
KE030,Baringo,2022-06,2,0
KE030,Baringo,2022-07,1,2
KE030,Baringo,2022-08,2,1
KE030,Baringo,2022-10,1,1
KE030,Baringo,2022-11,1,2
KE030,Baringo,2022-12,3,3
KE030,Baringo,2023-01,4,4
KE030,Baringo,2023-02,3,0
KE030,Baringo,2023-03,5,3
KE030,Baringo,2023-04,6,2
KE030,Baringo,2023-05,1,0
KE030,Baringo,2023-07,4,3
KE030,Baringo,2023-08,4,2
KE030,Baringo,2023-09,7,8
KE030,Baringo,2023-10,9,3
KE030,Baringo,2023-11,8,5
KE030,Baringo,2024-01,2,2
KE030,Baringo,2024-02,7,5
KE030,Baringo,2024-03,10,4
KE030,Baringo,2024-04,1,1
KE030,Baringo,2024-05,3,2
KE030,Baringo,2024-06,3,6
KE030,Baringo,2024-07,2,2
KE030,Baringo,2024-09,2,0
KE030,Baringo,2024-10,3,1
KE030,Baringo,2024-11,1,0
KE030,Baringo,2024-12,1,0
KE030,Baringo,2025-01,3,3
KE030,Baringo,2025-03,6,2
KE030,Baringo,2025-04,3,5
KE030,Baringo,2025-05,3,4
KE030,Baringo,2025-07,2,0
KE030,Baringo,2025-08,2,1
KE030,Baringo,2025-09,1,1
KE030,Baringo,2025-10,1,1
KE030,Baringo,2025-12,1,1
KE036,Bomet,2007-12,1,0
KE036,Bomet,2008-01,1,6
KE036,Bomet,2009-07,1,0
KE036,Bomet,2010-07,1,1
KE036,Bomet,2010-12,1,0
KE036,Bomet,2018-08,1,0
KE036,Bomet,2019-05,1,1
KE036,Bomet,2020-02,1,0
KE036,Bomet,2020-09,1,0
KE036,Bomet,2023-04,1,0
KE036,Bomet,2026-10,1,0
KE039,Bungoma,2006-12,1,2
KE039,Bungoma,2007-01,7,31
KE039,Bungoma,2007-03,5,13
KE039,Bungoma,2007-04,6,16
KE039,Bungoma,2007-06,1,5
KE039,Bungoma,2007-07,2,2
KE039,Bungoma,2007-08,5,14
KE039,Bungoma,2007-09,1,3
KE039,Bungoma,2007-10,1,1
KE039,Bungoma,2007-11,1,0
KE039,Bungoma,2007-12,1,1
KE039,Bungoma,2008-03,1,3
KE039,Bungoma,2008-05,1,11
KE039,Bungoma,2008-09,1,5
KE039,Bungoma,2008-10,1,9
KE039,Bungoma,2010-01,1,1
KE039,Bungoma,2010-07,1,0
KE039,Bungoma,2012-02,1,0
KE039,Bungoma,2013-03,1,0
KE039,Bungoma,2013-04,6,7
KE039,Bungoma,2013-09,1,1
KE039,Bungoma,2015-10,1,1
KE039,Bungoma,2017-02,2,5
KE039,Bungoma,2017-05,1,0
KE039,Bungoma,2017-07,1,1
KE039,Bungoma,2017-09,1,0
KE039,Bungoma,2018-02,1,4
KE039,Bungoma,2018-12,2,2
KE039,Bungoma,2020-03,1,0
KE039,Bungoma,2020-11,1,1
KE039,Bungoma,2021-08,2,1
KE039,Bungoma,2022-06,2,1
KE039,Bungoma,2022-12,2,2
KE039,Bungoma,2023-10,1,0
KE039,Bungoma,2024-02,3,2
KE039,Bungoma,2025-01,1,0
KE039,Bungoma,2025-08,1,0
KE039,Bungoma,2025-11,1,0
KE040,Busia,2007-09,1,0
KE040,Busia,2007-11,2,0
KE040,Busia,2007-12,1,30
KE040,Busia,2008-01,1,1
KE040,Busia,2011-04,1,3
KE040,Busia,2012-07,1,0
KE040,Busia,2012-09,4,0
KE040,Busia,2013-01,1,1
KE040,Busia,2013-04,2,3
KE040,Busia,2013-05,1,1
KE040,Busia,2018-07,1,1
KE040,Busia,2020-03,2,0
KE040,Busia,2020-11,1,1
KE040,Busia,2023-01,1,2
KE040,Busia,2023-05,1,0
KE040,Busia,2023-07,1,1
KE040,Busia,2024-03,2,0
KE040,Busia,2025-01,1,0
KE040,Busia,2026-01,1,0
KE028,Elgeyo-Marakwet,2007-11,1,0
KE028,Elgeyo-Marakwet,2009-10,1,1
KE028,Elgeyo-Marakwet,2010-04,1,0
KE028,Elgeyo-Marakwet,2011-01,1,1
KE028,Elgeyo-Marakwet,2013-08,1,0
KE028,Elgeyo-Marakwet,2015-11,2,2
KE028,Elgeyo-Marakwet,2016-07,1,4
KE028,Elgeyo-Marakwet,2016-12,3,3
KE028,Elgeyo-Marakwet,2017-01,1,0
KE028,Elgeyo-Marakwet,2017-02,2,3
KE028,Elgeyo-Marakwet,2017-04,2,6
KE028,Elgeyo-Marakwet,2017-05,1,0
KE028,Elgeyo-Marakwet,2017-06,1,1
KE028,Elgeyo-Marakwet,2017-07,2,1
KE028,Elgeyo-Marakwet,2017-08,1,0
KE028,Elgeyo-Marakwet,2017-10,1,1
KE028,Elgeyo-Marakwet,2017-11,1,0
KE028,Elgeyo-Marakwet,2017-12,1,5
KE028,Elgeyo-Marakwet,2018-01,3,2
KE028,Elgeyo-Marakwet,2018-06,2,4
KE028,Elgeyo-Marakwet,2018-10,3,3
KE028,Elgeyo-Marakwet,2018-11,2,1
KE028,Elgeyo-Marakwet,2019-02,1,1
KE028,Elgeyo-Marakwet,2019-03,1,2
KE028,Elgeyo-Marakwet,2020-05,1,1
KE028,Elgeyo-Marakwet,2020-10,1,2
KE028,Elgeyo-Marakwet,2021-03,2,7
KE028,Elgeyo-Marakwet,2021-07,2,6
KE028,Elgeyo-Marakwet,2021-09,2,4
KE028,Elgeyo-Marakwet,2021-10,3,11
KE028,Elgeyo-Marakwet,2021-11,4,6
KE028,Elgeyo-Marakwet,2022-01,7,6
KE028,Elgeyo-Marakwet,2022-02,4,12
KE028,Elgeyo-Marakwet,2022-03,3,2
KE028,Elgeyo-Marakwet,2022-04,1,0
KE028,Elgeyo-Marakwet,2022-05,4,9
KE028,Elgeyo-Marakwet,2022-06,1,0
KE028,Elgeyo-Marakwet,2022-07,3,1
KE028,Elgeyo-Marakwet,2022-09,2,1
KE028,Elgeyo-Marakwet,2022-12,2,3
KE028,Elgeyo-Marakwet,2023-01,4,8
KE028,Elgeyo-Marakwet,2023-02,2,2
KE028,Elgeyo-Marakwet,2023-03,2,2
KE028,Elgeyo-Marakwet,2023-04,2,2
KE028,Elgeyo-Marakwet,2023-07,2,1
KE028,Elgeyo-Marakwet,2023-08,2,1
KE028,Elgeyo-Marakwet,2023-09,1,1
KE028,Elgeyo-Marakwet,2023-11,3,3
KE028,Elgeyo-Marakwet,2023-12,3,10
KE028,Elgeyo-Marakwet,2024-01,1,1
KE028,Elgeyo-Marakwet,2024-02,1,2
KE028,Elgeyo-Marakwet,2024-03,3,3
KE028,Elgeyo-Marakwet,2024-04,1,0
KE028,Elgeyo-Marakwet,2024-07,1,2
KE028,Elgeyo-Marakwet,2024-08,1,1
KE028,Elgeyo-Marakwet,2024-10,1,1
KE028,Elgeyo-Marakwet,2024-12,1,3
KE028,Elgeyo-Marakwet,2025-01,3,7
KE028,Elgeyo-Marakwet,2025-02,1,0
KE028,Elgeyo-Marakwet,2025-03,2,2
KE028,Elgeyo-Marakwet,2025-04,1,0
KE028,Elgeyo-Marakwet,2025-05,5,2
KE028,Elgeyo-Marakwet,2025-07,1,0
KE028,Elgeyo-Marakwet,2025-08,1,0
KE028,Elgeyo-Marakwet,2025-09,2,0
KE028,Elgeyo-Marakwet,2025-10,3,2
KE028,Elgeyo-Marakwet,2025-12,2,1
KE028,Elgeyo-Marakwet,2026-04,1,1
KE028,Elgeyo-Marakwet,2026-10,1,0
KE014,Embu,2006-04,1,1
KE014,Embu,2010-06,2,10
KE014,Embu,2014-12,1,1
KE014,Embu,2018-07,1,1
KE014,Embu,2018-12,1,0
KE014,Embu,2019-05,2,1
KE014,Embu,2019-07,1,1
KE014,Embu,2019-12,1,0
KE014,Embu,2020-05,1,0
KE014,Embu,2021-04,1,0
KE014,Embu,2021-08,1,0
KE014,Embu,2022-03,1,0
KE014,Embu,2022-08,2,0
KE014,Embu,2022-09,1,0
KE014,Embu,2022-11,1,1
KE014,Embu,2023-04,1,2
KE014,Embu,2024-04,1,0
KE014,Embu,2024-09,1,0
KE014,Embu,2024-12,1,0
KE014,Embu,2025-04,1,0
KE014,Embu,2025-07,2,0
KE014,Embu,2025-11,1,1
KE014,Embu,2026-01,1,0
KE007,Garissa,2006-12,1,0
KE007,Garissa,2007-01,2,1
KE007,Garissa,2008-03,1,8
KE007,Garissa,2008-05,1,4
KE007,Garissa,2008-06,1,0
KE007,Garissa,2008-12,1,0
KE007,Garissa,2010-02,1,0
KE007,Garissa,2010-07,1,0
KE007,Garissa,2011-01,2,2
KE007,Garissa,2011-02,2,0
KE007,Garissa,2011-03,4,14
KE007,Garissa,2011-05,2,2
KE007,Garissa,2011-06,1,0
KE007,Garissa,2011-08,2,1
KE007,Garissa,2011-10,1,0
KE007,Garissa,2011-11,1,6
KE007,Garissa,2011-12,8,24
KE007,Garissa,2012-01,2,0
KE007,Garissa,2012-03,2,2
KE007,Garissa,2012-05,4,2
KE007,Garissa,2012-06,4,20
KE007,Garissa,2012-07,5,5
KE007,Garissa,2012-08,2,1
KE007,Garissa,2012-09,7,4
KE007,Garissa,2012-10,8,8
KE007,Garissa,2012-11,4,5
KE007,Garissa,2012-12,6,18
KE007,Garissa,2013-01,4,1
KE007,Garissa,2013-02,5,11
KE007,Garissa,2013-03,3,6
KE007,Garissa,2013-04,3,11
KE007,Garissa,2013-05,5,11
KE007,Garissa,2013-06,1,0
KE007,Garissa,2013-07,2,8
KE007,Garissa,2013-08,1,20
KE007,Garissa,2013-09,1,0
KE007,Garissa,2013-10,1,4
KE007,Garissa,2013-12,3,5
KE007,Garissa,2014-01,1,2
KE007,Garissa,2014-03,2,0
KE007,Garissa,2014-04,2,0
KE007,Garissa,2014-05,3,2
KE007,Garissa,2014-06,2,1
KE007,Garissa,2014-07,2,1
KE007,Garissa,2014-08,2,6
KE007,Garissa,2014-09,3,3
KE007,Garissa,2014-10,1,0
KE007,Garissa,2014-11,5,17
KE007,Garissa,2014-12,2,3
KE007,Garissa,2015-03,3,153
KE007,Garissa,2015-04,1,0
KE007,Garissa,2015-05,4,20
KE007,Garissa,2015-09,1,3
KE007,Garissa,2015-10,3,0
KE007,Garissa,2015-11,3,1
KE007,Garissa,2016-01,1,4
KE007,Garissa,2016-03,1,4
KE007,Garissa,2016-05,1,10
KE007,Garissa,2016-06,1,1
KE007,Garissa,2016-09,2,7
KE007,Garissa,2016-10,1,4
KE007,Garissa,2016-11,1,0
KE007,Garissa,2017-02,2,3
KE007,Garissa,2017-03,3,4
KE007,Garissa,2017-05,7,25
KE007,Garissa,2017-06,2,0
KE007,Garissa,2017-07,3,20
KE007,Garissa,2017-08,2,0
KE007,Garissa,2017-10,2,0
KE007,Garissa,2017-11,2,0
KE007,Garissa,2017-12,3,5
KE007,Garissa,2018-01,2,2
KE007,Garissa,2018-02,1,5
KE007,Garissa,2018-03,1,0
KE007,Garissa,2018-06,3,0
KE007,Garissa,2018-07,1,0
KE007,Garissa,2018-08,1,2
KE007,Garissa,2018-10,1,0
KE007,Garissa,2018-11,1,1
KE007,Garissa,2019-01,1,0
KE007,Garissa,2019-03,1,2
KE007,Garissa,2019-06,2,3
KE007,Garissa,2019-09,2,3
KE007,Garissa,2019-11,2,1
KE007,Garissa,2019-12,3,20
KE007,Garissa,2020-01,2,1
KE007,Garissa,2020-02,2,0
KE007,Garissa,2020-03,3,17
KE007,Garissa,2020-04,3,6
KE007,Garissa,2020-05,1,0
KE007,Garissa,2020-07,3,9
KE007,Garissa,2020-08,4,2
KE007,Garissa,2020-11,2,4
KE007,Garissa,2020-12,1,4
KE007,Garissa,2021-04,1,0
KE007,Garissa,2021-06,1,2
KE007,Garissa,2021-07,1,0
KE007,Garissa,2021-12,1,0
KE007,Garissa,2022-02,4,6
KE007,Garissa,2022-03,4,4
KE007,Garissa,2022-04,4,0
KE007,Garissa,2022-05,5,10
KE007,Garissa,2022-06,1,10
KE007,Garissa,2022-07,2,0
KE007,Garissa,2022-08,2,24
KE007,Garissa,2022-10,1,1
KE007,Garissa,2022-12,2,3
KE007,Garissa,2023-01,7,25
KE007,Garissa,2023-02,5,2
KE007,Garissa,2023-04,2,1
KE007,Garissa,2023-05,2,5
KE007,Garissa,2023-06,2,0
KE007,Garissa,2023-07,5,8
KE007,Garissa,2023-08,1,3
KE007,Garissa,2023-09,9,11
KE007,Garissa,2023-10,8,26
KE007,Garissa,2023-11,9,9
KE007,Garissa,2023-12,8,12
KE007,Garissa,2024-01,1,4
KE007,Garissa,2024-02,3,5
KE007,Garissa,2024-03,5,2
KE007,Garissa,2024-04,5,2
KE007,Garissa,2024-06,2,0
KE007,Garissa,2024-07,4,2
KE007,Garissa,2024-08,2,1
KE007,Garissa,2024-09,7,15
KE007,Garissa,2024-10,2,2
KE007,Garissa,2024-11,2,1
KE007,Garissa,2024-12,2,1
KE007,Garissa,2025-02,2,3
KE007,Garissa,2025-03,6,11
KE007,Garissa,2025-05,3,8
KE007,Garissa,2025-08,3,2
KE007,Garissa,2025-09,1,0
KE007,Garissa,2025-10,1,0
KE007,Garissa,2025-11,4,3
KE007,Garissa,2025-12,7,17
KE007,Garissa,2026-01,4,2
KE007,Garissa,2026-02,3,3
KE007,Garissa,2026-03,5,8
KE007,Garissa,2026-04,5,9
KE007,Garissa,2026-07,2,3
KE007,Garissa,2026-10,2,1
KE043,Homa Bay,2007-01,1,0
KE043,Homa Bay,2013-01,1,0
KE043,Homa Bay,2013-09,1,1
KE043,Homa Bay,2014-05,1,1
KE043,Homa Bay,2017-04,1,0
KE043,Homa Bay,2018-03,1,0
KE043,Homa Bay,2018-09,1,0
KE043,Homa Bay,2019-01,1,1
KE043,Homa Bay,2019-04,1,0
KE043,Homa Bay,2019-10,1,1
KE043,Homa Bay,2020-03,2,2
KE043,Homa Bay,2021-07,1,1
KE043,Homa Bay,2022-02,1,0
KE043,Homa Bay,2022-04,1,0
KE043,Homa Bay,2022-05,1,0
KE043,Homa Bay,2022-06,1,1
KE043,Homa Bay,2023-04,1,1
KE043,Homa Bay,2023-05,1,1
KE043,Homa Bay,2023-09,1,0
KE043,Homa Bay,2023-11,1,0
KE043,Homa Bay,2024-04,1,1
KE043,Homa Bay,2024-06,1,1
KE043,Homa Bay,2024-09,1,2
KE043,Homa Bay,2024-10,1,0
KE043,Homa Bay,2025-01,2,3
KE043,Homa Bay,2025-04,2,1
KE043,Homa Bay,2025-06,1,0
KE043,Homa Bay,2025-09,1,0
KE043,Homa Bay,2025-10,1,0
KE043,Homa Bay,2026-02,1,1
KE011,Isiolo,2006-04,2,0
KE011,Isiolo,2008-09,1,5
KE011,Isiolo,2008-12,1,0
KE011,Isiolo,2009-03,2,4
KE011,Isiolo,2009-04,2,0
KE011,Isiolo,2009-05,6,5
KE011,Isiolo,2009-07,1,2
KE011,Isiolo,2009-10,3,17
KE011,Isiolo,2009-11,3,0
KE011,Isiolo,2009-12,1,0
KE011,Isiolo,2010-10,1,1
KE011,Isiolo,2011-06,1,10
KE011,Isiolo,2011-10,1,1
KE011,Isiolo,2012-06,1,0
KE011,Isiolo,2012-11,3,7
KE011,Isiolo,2013-02,1,0
KE011,Isiolo,2013-09,2,2
KE011,Isiolo,2014-08,1,8
KE011,Isiolo,2015-06,1,3
KE011,Isiolo,2016-01,1,3
KE011,Isiolo,2016-03,1,1
KE011,Isiolo,2016-08,1,1
KE011,Isiolo,2016-10,1,4
KE011,Isiolo,2017-02,2,1
KE011,Isiolo,2017-03,2,15
KE011,Isiolo,2017-04,1,1
KE011,Isiolo,2017-05,1,10
KE011,Isiolo,2017-08,1,3
KE011,Isiolo,2017-11,4,17
KE011,Isiolo,2018-02,2,2
KE011,Isiolo,2018-03,4,8
KE011,Isiolo,2018-05,2,2
KE011,Isiolo,2018-10,1,1
KE011,Isiolo,2019-04,2,4
KE011,Isiolo,2019-06,1,1
KE011,Isiolo,2019-08,2,6
KE011,Isiolo,2019-09,3,11
KE011,Isiolo,2019-11,1,2
KE011,Isiolo,2020-10,2,0
KE011,Isiolo,2020-11,2,8
KE011,Isiolo,2020-12,1,4
KE011,Isiolo,2021-01,3,8
KE011,Isiolo,2021-02,1,1
KE011,Isiolo,2021-04,1,1
KE011,Isiolo,2021-05,1,1
KE011,Isiolo,2021-06,3,9
KE011,Isiolo,2021-07,3,5
KE011,Isiolo,2021-09,2,8
KE011,Isiolo,2021-10,1,5
KE011,Isiolo,2021-11,1,0
KE011,Isiolo,2021-12,2,8
KE011,Isiolo,2022-01,2,2
KE011,Isiolo,2022-02,4,14
KE011,Isiolo,2022-03,5,3
KE011,Isiolo,2022-04,2,11
KE011,Isiolo,2022-05,5,2
KE011,Isiolo,2022-06,4,12
KE011,Isiolo,2022-08,1,2
KE011,Isiolo,2022-09,1,1
KE011,Isiolo,2022-10,1,2
KE011,Isiolo,2022-12,2,2
KE011,Isiolo,2023-01,3,6
KE011,Isiolo,2023-02,2,5
KE011,Isiolo,2023-03,2,2
KE011,Isiolo,2023-04,1,1
KE011,Isiolo,2023-05,2,3
KE011,Isiolo,2023-09,4,5
KE011,Isiolo,2023-10,1,1
KE011,Isiolo,2023-11,5,6
KE011,Isiolo,2023-12,2,1
KE011,Isiolo,2024-01,1,1
KE011,Isiolo,2024-02,1,3
KE011,Isiolo,2024-03,1,1
KE011,Isiolo,2024-06,1,0
KE011,Isiolo,2024-08,1,1
KE011,Isiolo,2024-09,2,3
KE011,Isiolo,2024-10,2,3
KE011,Isiolo,2024-12,1,0
KE011,Isiolo,2025-01,4,1
KE011,Isiolo,2025-02,5,2
KE011,Isiolo,2025-03,2,0
KE011,Isiolo,2025-05,1,3
KE011,Isiolo,2025-06,2,2
KE011,Isiolo,2025-07,1,1
KE011,Isiolo,2025-09,2,1
KE011,Isiolo,2025-10,3,2
KE011,Isiolo,2025-11,3,10
KE011,Isiolo,2025-12,6,6
KE011,Isiolo,2026-01,3,1
KE011,Isiolo,2026-02,5,4
KE011,Isiolo,2026-03,3,3
KE011,Isiolo,2026-04,1,0
KE011,Isiolo,2026-07,3,2
KE034,Kajiado,2008-02,1,14
KE034,Kajiado,2008-08,1,3
KE034,Kajiado,2009-02,1,0
KE034,Kajiado,2009-05,1,0
KE034,Kajiado,2009-10,1,0
KE034,Kajiado,2009-11,1,0
KE034,Kajiado,2009-12,3,5
KE034,Kajiado,2010-06,1,2
KE034,Kajiado,2011-03,1,0
KE034,Kajiado,2011-07,2,4
KE034,Kajiado,2013-02,1,1
KE034,Kajiado,2013-05,1,0
KE034,Kajiado,2014-06,1,2
KE034,Kajiado,2019-02,1,1
KE034,Kajiado,2019-03,1,0
KE034,Kajiado,2019-08,1,1
KE034,Kajiado,2020-04,1,1
KE034,Kajiado,2021-05,3,2
KE034,Kajiado,2022-10,1,1
KE034,Kajiado,2023-01,1,0
KE034,Kajiado,2023-06,1,0
KE034,Kajiado,2023-07,2,0
KE034,Kajiado,2023-09,1,0
KE034,Kajiado,2023-10,1,0
KE034,Kajiado,2023-11,1,0
KE034,Kajiado,2024-03,1,1
KE034,Kajiado,2024-06,1,0
KE034,Kajiado,2024-08,1,0
KE034,Kajiado,2024-09,1,0
KE034,Kajiado,2024-10,1,0
KE034,Kajiado,2024-12,1,0
KE034,Kajiado,2025-10,1,1
KE034,Kajiado,2025-12,1,0
KE034,Kajiado,2026-01,1,1
KE034,Kajiado,2026-03,1,0
KE037,Kakamega,2007-01,1,1
KE037,Kakamega,2008-01,3,3
KE037,Kakamega,2008-03,1,2
KE037,Kakamega,2013-02,2,0
KE037,Kakamega,2014-06,1,0
KE037,Kakamega,2014-08,1,1
KE037,Kakamega,2017-05,1,0
KE037,Kakamega,2017-06,1,0
KE037,Kakamega,2018-07,1,0
KE037,Kakamega,2018-09,1,1
KE037,Kakamega,2018-10,1,0
KE037,Kakamega,2018-11,2,2
KE037,Kakamega,2019-09,1,1
KE037,Kakamega,2020-02,1,2
KE037,Kakamega,2020-03,5,2
KE037,Kakamega,2020-04,1,1
KE037,Kakamega,2020-05,1,1
KE037,Kakamega,2021-09,1,1
KE037,Kakamega,2022-01,1,0
KE037,Kakamega,2022-04,1,2
KE037,Kakamega,2022-08,1,0
KE037,Kakamega,2023-03,1,1
KE037,Kakamega,2023-04,1,0
KE037,Kakamega,2023-07,1,0
KE037,Kakamega,2024-01,1,1
KE037,Kakamega,2024-07,1,1
KE037,Kakamega,2024-08,2,2
KE037,Kakamega,2024-09,1,0
KE037,Kakamega,2025-01,1,1
KE037,Kakamega,2025-03,1,1
KE037,Kakamega,2025-05,1,0
KE037,Kakamega,2025-07,1,0
KE037,Kakamega,2025-10,1,0
KE035,Kericho,2007-12,1,2
KE035,Kericho,2008-01,6,19
KE035,Kericho,2008-12,2,19
KE035,Kericho,2010-01,1,5
KE035,Kericho,2018-01,1,0
KE035,Kericho,2019-03,1,3
KE035,Kericho,2020-06,1,0
KE035,Kericho,2022-02,1,0
KE035,Kericho,2023-05,1,0
KE035,Kericho,2023-08,1,0
KE035,Kericho,2023-09,2,8
KE035,Kericho,2026-01,1,0
KE022,Kiambu,2007-01,1,0
KE022,Kiambu,2007-04,2,2
KE022,Kiambu,2007-05,1,1
KE022,Kiambu,2007-06,3,12
KE022,Kiambu,2007-09,1,2
KE022,Kiambu,2007-10,1,0
KE022,Kiambu,2007-12,2,6
KE022,Kiambu,2008-01,5,16
KE022,Kiambu,2008-05,1,3
KE022,Kiambu,2008-08,2,3
KE022,Kiambu,2009-02,1,2
KE022,Kiambu,2009-10,1,0
KE022,Kiambu,2010-01,1,2
KE022,Kiambu,2010-11,1,5
KE022,Kiambu,2010-12,2,10
KE022,Kiambu,2011-08,1,0
KE022,Kiambu,2012-04,1,0
KE022,Kiambu,2013-02,2,0
KE022,Kiambu,2013-04,1,1
KE022,Kiambu,2013-05,2,1
KE022,Kiambu,2013-09,1,0
KE022,Kiambu,2015-04,1,2
KE022,Kiambu,2016-11,1,1
KE022,Kiambu,2017-02,1,4
KE022,Kiambu,2017-04,1,0
KE022,Kiambu,2017-07,2,3
KE022,Kiambu,2017-08,1,1
KE022,Kiambu,2017-12,1,2
KE022,Kiambu,2018-08,2,3
KE022,Kiambu,2018-09,1,6
KE022,Kiambu,2018-11,1,1
KE022,Kiambu,2019-02,2,4
KE022,Kiambu,2020-07,1,1
KE022,Kiambu,2021-02,1,0
KE022,Kiambu,2021-11,1,0
KE022,Kiambu,2022-09,1,0
KE022,Kiambu,2022-10,1,0
KE022,Kiambu,2022-12,1,0
KE022,Kiambu,2023-02,1,0
KE022,Kiambu,2023-03,1,0
KE022,Kiambu,2023-04,1,0
KE022,Kiambu,2023-05,1,0
KE022,Kiambu,2023-06,1,0
KE022,Kiambu,2023-08,1,0
KE022,Kiambu,2023-09,1,0
KE022,Kiambu,2023-12,2,4
KE022,Kiambu,2024-02,1,0
KE022,Kiambu,2024-03,2,0
KE022,Kiambu,2024-06,4,1
KE022,Kiambu,2024-10,1,0
KE022,Kiambu,2024-11,1,0
KE022,Kiambu,2024-12,5,2
KE022,Kiambu,2025-01,1,0
KE022,Kiambu,2025-05,2,0
KE022,Kiambu,2025-06,1,0
KE022,Kiambu,2025-08,2,0
KE022,Kiambu,2025-11,1,0
KE022,Kiambu,2026-02,2,0
KE022,Kiambu,2026-03,1,0
KE022,Kiambu,2026-11,1,0
KE003,Kilifi,2009-11,1,0
KE003,Kilifi,2010-06,1,3
KE003,Kilifi,2011-11,1,0
KE003,Kilifi,2012-02,1,0
KE003,Kilifi,2012-03,2,3
KE003,Kilifi,2012-08,1,3
KE003,Kilifi,2012-09,2,2
KE003,Kilifi,2012-10,2,0
KE003,Kilifi,2013-02,5,5
KE003,Kilifi,2013-03,2,9
KE003,Kilifi,2013-05,1,0
KE003,Kilifi,2013-07,1,2
KE003,Kilifi,2013-08,1,1
KE003,Kilifi,2013-09,1,0
KE003,Kilifi,2013-10,2,1
KE003,Kilifi,2013-11,2,2
KE003,Kilifi,2013-12,1,1
KE003,Kilifi,2014-03,1,1
KE003,Kilifi,2014-06,1,1
KE003,Kilifi,2014-11,1,1
KE003,Kilifi,2016-01,1,4
KE003,Kilifi,2018-03,1,0
KE003,Kilifi,2018-04,2,0
KE003,Kilifi,2018-10,1,0
KE003,Kilifi,2018-11,1,0
KE003,Kilifi,2019-12,1,1
KE003,Kilifi,2020-02,1,1
KE003,Kilifi,2022-01,1,0
KE003,Kilifi,2022-05,1,0
KE003,Kilifi,2022-06,2,1
KE003,Kilifi,2022-12,3,1
KE003,Kilifi,2023-02,1,1
KE003,Kilifi,2023-03,1,1
KE003,Kilifi,2023-05,1,1
KE003,Kilifi,2023-07,1,0
KE003,Kilifi,2023-09,1,0
KE003,Kilifi,2024-03,1,0
KE003,Kilifi,2024-04,1,1
KE003,Kilifi,2024-05,1,1
KE003,Kilifi,2024-06,1,0
KE003,Kilifi,2024-07,2,0
KE003,Kilifi,2024-08,1,1
KE003,Kilifi,2024-09,1,1
KE003,Kilifi,2024-10,1,1
KE003,Kilifi,2025-06,1,1
KE003,Kilifi,2025-08,2,2
KE003,Kilifi,2025-09,1,1
KE003,Kilifi,2025-10,1,0
KE003,Kilifi,2025-12,1,0
KE003,Kilifi,2026-01,1,1
KE020,Kirinyaga,2007-01,1,2
KE020,Kirinyaga,2007-12,1,0
KE020,Kirinyaga,2008-01,1,4
KE020,Kirinyaga,2008-06,1,5
KE020,Kirinyaga,2010-07,1,1
KE020,Kirinyaga,2011-01,1,0
KE020,Kirinyaga,2016-07,1,1
KE020,Kirinyaga,2021-06,1,1
KE020,Kirinyaga,2022-04,1,0
KE020,Kirinyaga,2022-08,1,0
KE020,Kirinyaga,2023-04,1,1
KE020,Kirinyaga,2023-08,3,1
KE020,Kirinyaga,2024-02,1,1
KE020,Kirinyaga,2024-05,1,1
KE020,Kirinyaga,2024-09,1,0
KE020,Kirinyaga,2024-10,1,0
KE020,Kirinyaga,2025-11,1,0
KE020,Kirinyaga,2026-03,1,1
KE045,Kisii,2007-01,1,0
KE045,Kisii,2007-03,1,0
KE045,Kisii,2007-09,1,0
KE045,Kisii,2007-11,1,0
KE045,Kisii,2008-01,3,24
KE045,Kisii,2010-12,1,1
KE045,Kisii,2013-09,1,1
KE045,Kisii,2016-05,1,1
KE045,Kisii,2016-06,1,1
KE045,Kisii,2017-03,1,0
KE045,Kisii,2017-05,2,1
KE045,Kisii,2018-08,1,1
KE045,Kisii,2019-06,1,1
KE045,Kisii,2019-08,1,0
KE045,Kisii,2020-04,1,1
KE045,Kisii,2020-12,1,1
KE045,Kisii,2021-06,1,1
KE045,Kisii,2022-02,1,1
KE045,Kisii,2022-06,1,0
KE045,Kisii,2022-10,1,0
KE045,Kisii,2023-09,1,0
KE045,Kisii,2023-10,1,1
KE045,Kisii,2023-11,1,1
KE045,Kisii,2024-06,2,1
KE045,Kisii,2024-11,1,0
KE045,Kisii,2025-01,5,2
KE045,Kisii,2025-08,1,2
KE045,Kisii,2025-12,1,1
KE042,Kisumu,2007-12,1,3
KE042,Kisumu,2008-01,9,9
KE042,Kisumu,2008-12,2,3
KE042,Kisumu,2011-01,1,0
KE042,Kisumu,2012-02,4,0
KE042,Kisumu,2012-10,1,0
KE042,Kisumu,2013-02,1,3
KE042,Kisumu,2013-07,1,1
KE042,Kisumu,2013-09,2,1
KE042,Kisumu,2013-12,1,1
KE042,Kisumu,2014-08,1,0
KE042,Kisumu,2015-12,1,1
KE042,Kisumu,2016-06,1,1
KE042,Kisumu,2016-11,2,3
KE042,Kisumu,2017-01,1,3
KE042,Kisumu,2017-05,2,2
KE042,Kisumu,2017-07,2,0
KE042,Kisumu,2017-08,1,4
KE042,Kisumu,2017-09,1,0
KE042,Kisumu,2017-10,4,2
KE042,Kisumu,2017-12,1,5
KE042,Kisumu,2018-09,2,0
KE042,Kisumu,2018-10,1,0
KE042,Kisumu,2020-03,3,0
KE042,Kisumu,2020-05,1,1
KE042,Kisumu,2020-11,1,1
KE042,Kisumu,2021-04,1,3
KE042,Kisumu,2021-05,1,1
KE042,Kisumu,2021-08,1,1
KE042,Kisumu,2021-11,1,0
KE042,Kisumu,2022-04,1,0
KE042,Kisumu,2023-03,1,0
KE042,Kisumu,2023-04,1,0
KE042,Kisumu,2023-06,1,1
KE042,Kisumu,2023-07,2,1
KE042,Kisumu,2023-08,2,2
KE042,Kisumu,2023-11,1,1
KE042,Kisumu,2024-07,3,1
KE042,Kisumu,2025-08,1,1
KE042,Kisumu,2025-10,1,1
KE015,Kitui,2008-06,1,0
KE015,Kitui,2011-04,1,0
KE015,Kitui,2013-07,1,3
KE015,Kitui,2015-05,3,5
KE015,Kitui,2015-09,1,1
KE015,Kitui,2016-12,3,6
KE015,Kitui,2017-01,1,1
KE015,Kitui,2017-02,2,5
KE015,Kitui,2017-04,1,0
KE015,Kitui,2017-05,1,2
KE015,Kitui,2017-06,1,2
KE015,Kitui,2017-09,1,3
KE015,Kitui,2017-11,1,1
KE015,Kitui,2018-09,1,1
KE015,Kitui,2019-07,4,3
KE015,Kitui,2021-10,1,0
KE015,Kitui,2022-02,1,0
KE015,Kitui,2022-03,1,2
KE015,Kitui,2022-05,1,0
KE015,Kitui,2022-07,1,0
KE015,Kitui,2022-08,2,0
KE015,Kitui,2022-10,2,1
KE015,Kitui,2022-11,3,1
KE015,Kitui,2022-12,4,2
KE015,Kitui,2023-03,1,2
KE015,Kitui,2023-04,1,0
KE015,Kitui,2023-07,2,1
KE015,Kitui,2023-08,1,0
KE015,Kitui,2023-09,2,12
KE015,Kitui,2023-10,2,1
KE015,Kitui,2023-11,1,0
KE015,Kitui,2023-12,1,1
KE015,Kitui,2024-03,1,0
KE015,Kitui,2024-08,3,4
KE015,Kitui,2024-09,1,0
KE015,Kitui,2024-10,2,1
KE015,Kitui,2025-01,2,0
KE015,Kitui,2025-04,1,0
KE015,Kitui,2025-07,2,2
KE015,Kitui,2025-08,1,1
KE015,Kitui,2025-10,1,0
KE015,Kitui,2025-12,1,2
KE015,Kitui,2026-02,1,0
KE015,Kitui,2026-03,2,5
KE015,Kitui,2026-04,4,10
KE002,Kwale,2007-06,1,1
KE002,Kwale,2007-12,1,11
KE002,Kwale,2010-04,1,1
KE002,Kwale,2012-08,1,1
KE002,Kwale,2012-10,3,3
KE002,Kwale,2012-12,1,2
KE002,Kwale,2013-02,2,2
KE002,Kwale,2013-11,2,2
KE002,Kwale,2013-12,3,2
KE002,Kwale,2014-02,1,2
KE002,Kwale,2014-04,3,1
KE002,Kwale,2014-08,1,0
KE002,Kwale,2014-12,3,11
KE002,Kwale,2015-02,1,0
KE002,Kwale,2015-11,1,2
KE002,Kwale,2016-02,4,3
KE002,Kwale,2016-05,2,6
KE002,Kwale,2016-06,1,1
KE002,Kwale,2016-08,1,1
KE002,Kwale,2016-12,1,1
KE002,Kwale,2017-02,2,3
KE002,Kwale,2017-07,1,2
KE002,Kwale,2017-10,1,0
KE002,Kwale,2018-03,1,2
KE002,Kwale,2018-08,1,2
KE002,Kwale,2018-12,2,4
KE002,Kwale,2019-09,1,0
KE002,Kwale,2020-03,1,1
KE002,Kwale,2020-05,2,6
KE002,Kwale,2020-08,1,1
KE002,Kwale,2020-10,2,0
KE002,Kwale,2020-11,1,0
KE002,Kwale,2021-06,1,1
KE002,Kwale,2022-03,1,1
KE002,Kwale,2022-05,1,0
KE002,Kwale,2023-01,1,1
KE002,Kwale,2023-09,2,1
KE002,Kwale,2023-10,1,0
KE002,Kwale,2024-11,1,0
KE002,Kwale,2025-05,2,2
KE002,Kwale,2025-06,1,1
KE002,Kwale,2025-10,1,0
KE002,Kwale,2026-02,2,2
KE002,Kwale,2026-10,1,2
KE031,Laikipia,2006-04,2,2
KE031,Laikipia,2006-08,1,7
KE031,Laikipia,2006-09,2,5
KE031,Laikipia,2007-05,3,9
KE031,Laikipia,2008-01,8,35
KE031,Laikipia,2008-02,1,1
KE031,Laikipia,2008-03,1,1
KE031,Laikipia,2008-08,1,4
KE031,Laikipia,2009-04,1,5
KE031,Laikipia,2009-11,1,0
KE031,Laikipia,2009-12,2,0
KE031,Laikipia,2012-12,1,0
KE031,Laikipia,2013-02,3,1
KE031,Laikipia,2013-04,1,1
KE031,Laikipia,2013-05,1,0
KE031,Laikipia,2013-06,1,4
KE031,Laikipia,2014-10,1,1
KE031,Laikipia,2015-06,1,10
KE031,Laikipia,2017-01,2,0
KE031,Laikipia,2017-03,1,1
KE031,Laikipia,2017-04,7,4
KE031,Laikipia,2017-05,1,0
KE031,Laikipia,2017-07,1,1
KE031,Laikipia,2017-08,6,12
KE031,Laikipia,2017-09,1,2
KE031,Laikipia,2017-10,2,0
KE031,Laikipia,2018-10,1,1
KE031,Laikipia,2019-12,2,1
KE031,Laikipia,2020-02,1,4
KE031,Laikipia,2020-05,1,0
KE031,Laikipia,2021-01,1,1
KE031,Laikipia,2021-04,1,0
KE031,Laikipia,2021-06,2,6
KE031,Laikipia,2021-07,3,2
KE031,Laikipia,2021-08,2,0
KE031,Laikipia,2021-09,5,6
KE031,Laikipia,2021-10,1,3
KE031,Laikipia,2021-11,2,0
KE031,Laikipia,2022-01,2,1
KE031,Laikipia,2022-03,3,1
KE031,Laikipia,2022-04,2,2
KE031,Laikipia,2022-05,4,3
KE031,Laikipia,2022-07,2,0
KE031,Laikipia,2022-08,1,0
KE031,Laikipia,2022-10,1,0
KE031,Laikipia,2022-11,1,0
KE031,Laikipia,2022-12,5,3
KE031,Laikipia,2023-01,1,1
KE031,Laikipia,2023-02,1,0
KE031,Laikipia,2023-04,1,4
KE031,Laikipia,2023-05,2,1
KE031,Laikipia,2023-07,1,1
KE031,Laikipia,2023-09,2,1
KE031,Laikipia,2023-11,4,2
KE031,Laikipia,2023-12,1,0
KE031,Laikipia,2024-01,3,2
KE031,Laikipia,2024-03,2,2
KE031,Laikipia,2024-08,2,1
KE031,Laikipia,2024-09,1,1
KE031,Laikipia,2025-01,1,2
KE031,Laikipia,2025-05,2,1
KE031,Laikipia,2025-06,1,0
KE031,Laikipia,2025-07,1,1
KE031,Laikipia,2025-10,4,1
KE031,Laikipia,2026-01,5,0
KE031,Laikipia,2026-04,2,0
KE005,Lamu,2010-09,1,0
KE005,Lamu,2010-11,1,0
KE005,Lamu,2011-01,2,1
KE005,Lamu,2011-10,3,14
KE005,Lamu,2011-11,1,0
KE005,Lamu,2011-12,1,3
KE005,Lamu,2012-09,2,0
KE005,Lamu,2012-11,1,3
KE005,Lamu,2014-02,1,0
KE005,Lamu,2014-04,1,0
KE005,Lamu,2014-05,4,24
KE005,Lamu,2014-06,4,83
KE005,Lamu,2014-08,1,2
KE005,Lamu,2014-12,3,7
KE005,Lamu,2015-04,2,0
KE005,Lamu,2015-05,1,7
KE005,Lamu,2015-06,2,11
KE005,Lamu,2015-07,1,3
KE005,Lamu,2015-08,1,7
KE005,Lamu,2015-10,1,9
KE005,Lamu,2015-11,1,3
KE005,Lamu,2015-12,3,6
KE005,Lamu,2016-01,2,9
KE005,Lamu,2016-06,3,10
KE005,Lamu,2016-07,2,0
KE005,Lamu,2016-08,1,1
KE005,Lamu,2016-09,2,1
KE005,Lamu,2017-01,1,3
KE005,Lamu,2017-02,2,8
KE005,Lamu,2017-04,2,4
KE005,Lamu,2017-05,4,10
KE005,Lamu,2017-06,1,8
KE005,Lamu,2017-07,4,5
KE005,Lamu,2017-08,4,17
KE005,Lamu,2017-09,1,1
KE005,Lamu,2017-10,3,6
KE005,Lamu,2017-11,3,14
KE005,Lamu,2017-12,4,9
KE005,Lamu,2018-01,2,2
KE005,Lamu,2018-04,1,5
KE005,Lamu,2018-07,1,1
KE005,Lamu,2018-08,2,5
KE005,Lamu,2018-09,7,34
KE005,Lamu,2018-10,1,3
KE005,Lamu,2018-12,1,0
KE005,Lamu,2019-04,1,1
KE005,Lamu,2019-07,3,5
KE005,Lamu,2019-08,1,1
KE005,Lamu,2019-11,1,0
KE005,Lamu,2019-12,4,8
KE005,Lamu,2020-01,1,0
KE005,Lamu,2020-03,1,0
KE005,Lamu,2020-04,1,8
KE005,Lamu,2020-06,2,1
KE005,Lamu,2020-08,2,1
KE005,Lamu,2020-12,1,0
KE005,Lamu,2021-01,1,2
KE005,Lamu,2021-03,2,1
KE005,Lamu,2021-05,2,10
KE005,Lamu,2021-06,1,0
KE005,Lamu,2021-08,1,2
KE005,Lamu,2021-09,1,14
KE005,Lamu,2021-10,2,4
KE005,Lamu,2021-11,1,0
KE005,Lamu,2022-01,10,35
KE005,Lamu,2022-02,2,13
KE005,Lamu,2022-04,1,1
KE005,Lamu,2022-05,2,5
KE005,Lamu,2022-07,1,0
KE005,Lamu,2022-08,3,2
KE005,Lamu,2022-11,1,0
KE005,Lamu,2022-12,5,6
KE005,Lamu,2023-01,3,20
KE005,Lamu,2023-03,1,3
KE005,Lamu,2023-05,1,6
KE005,Lamu,2023-06,6,9
KE005,Lamu,2023-07,2,62
KE005,Lamu,2023-08,6,3
KE005,Lamu,2023-09,7,27
KE005,Lamu,2023-10,3,3
KE005,Lamu,2023-11,4,6
KE005,Lamu,2023-12,3,2
KE005,Lamu,2024-02,1,3
KE005,Lamu,2024-03,4,11
KE005,Lamu,2024-04,3,12
KE005,Lamu,2024-05,1,1
KE005,Lamu,2024-06,4,9
KE005,Lamu,2024-07,2,5
KE005,Lamu,2024-08,3,16
KE005,Lamu,2024-09,1,5
KE005,Lamu,2024-10,1,3
KE005,Lamu,2024-11,1,0
KE005,Lamu,2025-02,1,0
KE005,Lamu,2025-03,1,0
KE005,Lamu,2025-04,2,5
KE005,Lamu,2025-05,2,0
KE005,Lamu,2025-06,3,3
KE005,Lamu,2025-07,1,0
KE005,Lamu,2025-08,2,5
KE005,Lamu,2025-09,4,3
KE005,Lamu,2025-10,1,0
KE005,Lamu,2025-11,1,5
KE005,Lamu,2025-12,5,7
KE005,Lamu,2026-04,1,0
KE005,Lamu,2026-07,1,0
KE005,Lamu,2026-10,1,0
KE016,Machakos,2007-06,1,5
KE016,Machakos,2007-10,1,0
KE016,Machakos,2010-07,1,1
KE016,Machakos,2010-11,1,15
KE016,Machakos,2012-09,1,0
KE016,Machakos,2013-06,1,15
KE016,Machakos,2017-02,1,3
KE016,Machakos,2017-05,1,1
KE016,Machakos,2019-06,1,3
KE016,Machakos,2019-11,1,0
KE016,Machakos,2020-01,1,1
KE016,Machakos,2020-02,1,0
KE016,Machakos,2020-03,1,0
KE016,Machakos,2021-05,1,1
KE016,Machakos,2021-07,1,2
KE016,Machakos,2021-10,1,0
KE016,Machakos,2021-12,1,0
KE016,Machakos,2022-07,2,0
KE016,Machakos,2023-04,1,0
KE016,Machakos,2023-06,2,1
KE016,Machakos,2023-07,1,3
KE016,Machakos,2023-09,1,1
KE016,Machakos,2023-10,1,1
KE016,Machakos,2024-01,1,0
KE016,Machakos,2024-08,1,0
KE016,Machakos,2024-10,1,0
KE016,Machakos,2024-11,2,0
KE016,Machakos,2024-12,4,0
KE016,Machakos,2025-05,1,0
KE016,Machakos,2025-07,1,0
KE016,Machakos,2025-09,1,0
KE016,Machakos,2025-12,1,0
KE016,Machakos,2026-02,1,0
KE016,Machakos,2026-03,1,0
KE017,Makueni,2015-10,1,1
KE017,Makueni,2017-11,1,1
KE017,Makueni,2019-01,1,1
KE017,Makueni,2019-07,1,0
KE017,Makueni,2019-11,1,4
KE017,Makueni,2020-05,1,1
KE017,Makueni,2022-12,1,2
KE017,Makueni,2023-05,1,1
KE017,Makueni,2024-03,1,1
KE017,Makueni,2024-05,1,1
KE017,Makueni,2024-06,1,0
KE017,Makueni,2024-09,1,0
KE017,Makueni,2024-11,1,0
KE009,Mandera,2007-04,2,7
KE009,Mandera,2007-08,3,8
KE009,Mandera,2007-10,1,1
KE009,Mandera,2007-11,4,5
KE009,Mandera,2008-01,2,0
KE009,Mandera,2008-08,6,19
KE009,Mandera,2008-10,2,8
KE009,Mandera,2008-11,3,12
KE009,Mandera,2009-05,1,0
KE009,Mandera,2009-07,1,0
KE009,Mandera,2010-01,1,2
KE009,Mandera,2010-10,1,30
KE009,Mandera,2011-02,2,1
KE009,Mandera,2011-03,1,1
KE009,Mandera,2011-05,4,6
KE009,Mandera,2011-07,1,4
KE009,Mandera,2011-10,3,5
KE009,Mandera,2011-11,2,1
KE009,Mandera,2011-12,2,0
KE009,Mandera,2012-01,1,0
KE009,Mandera,2012-02,2,2
KE009,Mandera,2012-03,6,11
KE009,Mandera,2012-05,1,0
KE009,Mandera,2012-06,4,1
KE009,Mandera,2012-07,4,8
KE009,Mandera,2012-08,4,20
KE009,Mandera,2012-09,2,0
KE009,Mandera,2012-10,1,1
KE009,Mandera,2012-12,2,1
KE009,Mandera,2013-01,1,2
KE009,Mandera,2013-02,3,4
KE009,Mandera,2013-03,1,1
KE009,Mandera,2013-04,1,7
KE009,Mandera,2013-05,6,9
KE009,Mandera,2013-06,5,27
KE009,Mandera,2013-07,1,2
KE009,Mandera,2013-08,4,6
KE009,Mandera,2013-09,4,2
KE009,Mandera,2013-11,6,72
KE009,Mandera,2013-12,1,0
KE009,Mandera,2014-01,1,0
KE009,Mandera,2014-02,2,0
KE009,Mandera,2014-03,1,0
KE009,Mandera,2014-04,3,3
KE009,Mandera,2014-05,3,15
KE009,Mandera,2014-06,2,3
KE009,Mandera,2014-07,1,2
KE009,Mandera,2014-08,8,31
KE009,Mandera,2014-09,2,1
KE009,Mandera,2014-10,1,5
KE009,Mandera,2014-11,3,64
KE009,Mandera,2014-12,1,0
KE009,Mandera,2015-01,1,0
KE009,Mandera,2015-02,1,1
KE009,Mandera,2015-03,3,5
KE009,Mandera,2015-04,3,14
KE009,Mandera,2015-06,4,25
KE009,Mandera,2015-07,1,3
KE009,Mandera,2015-12,7,21
KE009,Mandera,2016-01,1,6
KE009,Mandera,2016-03,1,4
KE009,Mandera,2016-06,3,11
KE009,Mandera,2016-07,1,6
KE009,Mandera,2016-09,1,1
KE009,Mandera,2016-10,3,13
KE009,Mandera,2016-11,5,4
KE009,Mandera,2017-01,3,17
KE009,Mandera,2017-03,2,3
KE009,Mandera,2017-04,2,14
KE009,Mandera,2017-05,5,8
KE009,Mandera,2017-06,6,16
KE009,Mandera,2017-07,2,1
KE009,Mandera,2017-08,2,2
KE009,Mandera,2017-09,1,0
KE009,Mandera,2017-10,4,4
KE009,Mandera,2017-12,2,11
KE009,Mandera,2018-01,1,4
KE009,Mandera,2018-02,1,5
KE009,Mandera,2018-03,2,6
KE009,Mandera,2018-04,2,4
KE009,Mandera,2018-05,1,1
KE009,Mandera,2018-06,2,5
KE009,Mandera,2018-07,1,0
KE009,Mandera,2018-08,4,4
KE009,Mandera,2018-09,4,1
KE009,Mandera,2018-10,6,14
KE009,Mandera,2018-11,2,3
KE009,Mandera,2018-12,2,2
KE009,Mandera,2019-01,1,2
KE009,Mandera,2019-04,1,0
KE009,Mandera,2019-06,3,1
KE009,Mandera,2019-07,1,5
KE009,Mandera,2019-08,1,2
KE009,Mandera,2019-09,1,7
KE009,Mandera,2019-10,1,0
KE009,Mandera,2020-02,2,4
KE009,Mandera,2020-03,1,0
KE009,Mandera,2020-04,5,2
KE009,Mandera,2020-05,3,1
KE009,Mandera,2020-06,2,2
KE009,Mandera,2020-07,3,2
KE009,Mandera,2020-09,2,6
KE009,Mandera,2020-10,3,3
KE009,Mandera,2020-11,4,8
KE009,Mandera,2020-12,3,1
KE009,Mandera,2021-01,4,2
KE009,Mandera,2021-02,2,2
KE009,Mandera,2021-03,2,4
KE009,Mandera,2021-04,3,5
KE009,Mandera,2021-05,5,12
KE009,Mandera,2021-06,7,9
KE009,Mandera,2021-07,3,4
KE009,Mandera,2021-08,2,1
KE009,Mandera,2021-09,6,1
KE009,Mandera,2021-10,1,3
KE009,Mandera,2021-11,1,0
KE009,Mandera,2021-12,1,0
KE009,Mandera,2022-01,3,9
KE009,Mandera,2022-02,3,4
KE009,Mandera,2022-03,2,0
KE009,Mandera,2022-04,4,0
KE009,Mandera,2022-06,1,0
KE009,Mandera,2022-07,6,0
KE009,Mandera,2022-08,4,3
KE009,Mandera,2022-09,2,0
KE009,Mandera,2022-10,6,4
KE009,Mandera,2022-11,5,0
KE009,Mandera,2022-12,6,9
KE009,Mandera,2023-01,4,26
KE009,Mandera,2023-02,10,3
KE009,Mandera,2023-03,2,2
KE009,Mandera,2023-04,4,0
KE009,Mandera,2023-05,7,5
KE009,Mandera,2023-06,6,6
KE009,Mandera,2023-07,3,0
KE009,Mandera,2023-08,4,3
KE009,Mandera,2023-09,6,8
KE009,Mandera,2023-10,2,0
KE009,Mandera,2023-11,1,0
KE009,Mandera,2023-12,2,0
KE009,Mandera,2024-01,3,12
KE009,Mandera,2024-02,1,0
KE009,Mandera,2024-03,7,8
KE009,Mandera,2024-04,4,5
KE009,Mandera,2024-05,2,0
KE009,Mandera,2024-06,6,13
KE009,Mandera,2024-07,8,3
KE009,Mandera,2024-08,4,5
KE009,Mandera,2024-09,6,2
KE009,Mandera,2024-10,5,12
KE009,Mandera,2024-11,2,8
KE009,Mandera,2024-12,8,12
KE009,Mandera,2025-01,5,3
KE009,Mandera,2025-02,8,8
KE009,Mandera,2025-03,6,10
KE009,Mandera,2025-04,6,15
KE009,Mandera,2025-05,2,3
KE009,Mandera,2025-06,5,9
KE009,Mandera,2025-07,2,3
KE009,Mandera,2025-08,1,1
KE009,Mandera,2025-09,3,7
KE009,Mandera,2025-10,3,1
KE009,Mandera,2025-11,2,0
KE009,Mandera,2025-12,8,4
KE009,Mandera,2026-01,1,3
KE009,Mandera,2026-03,4,2
KE009,Mandera,2026-07,1,3
KE009,Mandera,2026-10,4,6
KE010,Marsabit,2006-01,4,19
KE010,Marsabit,2006-02,3,4
KE010,Marsabit,2006-03,4,21
KE010,Marsabit,2006-04,2,5
KE010,Marsabit,2006-05,4,7
KE010,Marsabit,2006-07,1,0
KE010,Marsabit,2006-08,4,24
KE010,Marsabit,2006-09,2,17
KE010,Marsabit,2006-10,1,1
KE010,Marsabit,2007-02,1,1
KE010,Marsabit,2007-05,1,15
KE010,Marsabit,2007-08,1,2
KE010,Marsabit,2008-05,3,14
KE010,Marsabit,2008-07,1,11
KE010,Marsabit,2008-08,3,17
KE010,Marsabit,2008-12,2,15
KE010,Marsabit,2009-01,1,4
KE010,Marsabit,2009-05,1,0
KE010,Marsabit,2009-08,3,4
KE010,Marsabit,2010-04,1,0
KE010,Marsabit,2010-10,2,2
KE010,Marsabit,2010-11,4,15
KE010,Marsabit,2011-05,1,0
KE010,Marsabit,2011-12,1,6
KE010,Marsabit,2012-01,4,7
KE010,Marsabit,2012-05,1,3
KE010,Marsabit,2013-05,1,1
KE010,Marsabit,2013-06,2,4
KE010,Marsabit,2013-07,1,24
KE010,Marsabit,2013-08,10,20
KE010,Marsabit,2013-11,4,29
KE010,Marsabit,2013-12,1,0
KE010,Marsabit,2014-01,1,9
KE010,Marsabit,2014-04,4,8
KE010,Marsabit,2014-11,2,6
KE010,Marsabit,2015-02,2,13
KE010,Marsabit,2015-05,1,2
KE010,Marsabit,2015-08,1,5
KE010,Marsabit,2015-11,1,0
KE010,Marsabit,2017-01,1,4
KE010,Marsabit,2017-06,2,2
KE010,Marsabit,2017-08,2,5
KE010,Marsabit,2018-01,1,2
KE010,Marsabit,2018-06,1,4
KE010,Marsabit,2018-07,2,5
KE010,Marsabit,2018-09,1,0
KE010,Marsabit,2018-10,2,10
KE010,Marsabit,2019-02,2,10
KE010,Marsabit,2019-04,1,11
KE010,Marsabit,2019-05,4,11
KE010,Marsabit,2019-06,1,1
KE010,Marsabit,2019-08,2,10
KE010,Marsabit,2019-09,1,3
KE010,Marsabit,2020-06,5,17
KE010,Marsabit,2020-07,2,6
KE010,Marsabit,2020-11,3,1
KE010,Marsabit,2021-01,3,4
KE010,Marsabit,2021-03,5,11
KE010,Marsabit,2021-04,1,2
KE010,Marsabit,2021-05,1,2
KE010,Marsabit,2021-06,1,1
KE010,Marsabit,2021-09,7,9
KE010,Marsabit,2021-10,1,6
KE010,Marsabit,2021-11,5,4
KE010,Marsabit,2021-12,4,41
KE010,Marsabit,2022-01,5,2
KE010,Marsabit,2022-02,3,3
KE010,Marsabit,2022-03,3,3
KE010,Marsabit,2022-04,2,6
KE010,Marsabit,2022-05,2,1
KE010,Marsabit,2022-07,3,3
KE010,Marsabit,2022-09,4,2
KE010,Marsabit,2022-10,3,0
KE010,Marsabit,2022-11,1,0
KE010,Marsabit,2022-12,4,8
KE010,Marsabit,2023-01,5,4
KE010,Marsabit,2023-02,1,3
KE010,Marsabit,2023-04,6,8
KE010,Marsabit,2023-06,2,4
KE010,Marsabit,2023-07,1,8
KE010,Marsabit,2023-11,3,2
KE010,Marsabit,2024-02,1,1
KE010,Marsabit,2024-07,2,3
KE010,Marsabit,2024-08,1,1
KE010,Marsabit,2024-09,3,4
KE010,Marsabit,2024-10,2,7
KE010,Marsabit,2024-11,1,1
KE010,Marsabit,2025-01,3,1
KE010,Marsabit,2025-04,1,0
KE010,Marsabit,2025-05,5,8
KE010,Marsabit,2025-06,4,5
KE010,Marsabit,2025-07,1,0
KE010,Marsabit,2025-08,4,4
KE010,Marsabit,2025-09,1,0
KE010,Marsabit,2025-10,1,2
KE010,Marsabit,2025-11,2,1
KE010,Marsabit,2026-01,2,1
KE010,Marsabit,2026-03,1,4
KE010,Marsabit,2026-07,1,0
KE010,Marsabit,2026-10,1,10
KE012,Meru,2007-01,1,0
KE012,Meru,2007-04,1,0
KE012,Meru,2007-05,2,21
KE012,Meru,2007-12,2,2
KE012,Meru,2009-10,1,3
KE012,Meru,2009-11,1,1
KE012,Meru,2010-02,1,0
KE012,Meru,2011-10,1,1
KE012,Meru,2012-12,1,0
KE012,Meru,2013-03,1,1
KE012,Meru,2013-05,1,2
KE012,Meru,2014-06,1,6
KE012,Meru,2014-08,1,4
KE012,Meru,2015-03,2,5
KE012,Meru,2015-10,1,5
KE012,Meru,2016-09,2,2
KE012,Meru,2017-08,4,20
KE012,Meru,2017-10,2,4
KE012,Meru,2018-01,1,0
KE012,Meru,2018-09,1,0
KE012,Meru,2019-02,3,12
KE012,Meru,2019-09,1,1
KE012,Meru,2019-12,2,2
KE012,Meru,2020-03,2,0
KE012,Meru,2020-07,3,1
KE012,Meru,2020-08,1,0
KE012,Meru,2020-10,1,0
KE012,Meru,2020-11,1,0
KE012,Meru,2022-01,1,7
KE012,Meru,2022-02,1,1
KE012,Meru,2022-03,2,4
KE012,Meru,2022-04,1,5
KE012,Meru,2022-06,2,0
KE012,Meru,2022-10,1,1
KE012,Meru,2022-12,3,2
KE012,Meru,2023-02,4,4
KE012,Meru,2023-04,2,3
KE012,Meru,2023-05,1,1
KE012,Meru,2023-07,2,4
KE012,Meru,2023-09,6,7
KE012,Meru,2023-10,4,5
KE012,Meru,2023-11,1,3
KE012,Meru,2023-12,4,2
KE012,Meru,2024-02,2,1
KE012,Meru,2024-03,1,0
KE012,Meru,2024-04,1,1
KE012,Meru,2024-06,1,5
KE012,Meru,2024-07,2,1
KE012,Meru,2024-08,3,1
KE012,Meru,2024-09,4,7
KE012,Meru,2024-10,2,0
KE012,Meru,2024-11,1,1
KE012,Meru,2024-12,1,0
KE012,Meru,2025-01,5,3
KE012,Meru,2025-03,1,1
KE012,Meru,2025-04,1,0
KE012,Meru,2025-05,2,1
KE012,Meru,2025-06,1,0
KE012,Meru,2025-08,1,0
KE012,Meru,2025-09,5,2
KE012,Meru,2025-10,4,5
KE012,Meru,2025-11,4,5
KE012,Meru,2025-12,1,0
KE012,Meru,2026-01,3,4
KE012,Meru,2026-02,1,1
KE012,Meru,2026-03,7,10
KE012,Meru,2026-04,2,1
KE012,Meru,2026-07,2,1
KE044,Migori,2007-01,1,1
KE044,Migori,2007-05,1,4
KE044,Migori,2007-06,2,0
KE044,Migori,2007-12,4,9
KE044,Migori,2008-04,1,1
KE044,Migori,2009-03,1,0
KE044,Migori,2009-05,1,0
KE044,Migori,2009-10,1,0
KE044,Migori,2011-05,1,1
KE044,Migori,2012-12,1,1
KE044,Migori,2013-01,1,0
KE044,Migori,2013-02,2,2
KE044,Migori,2013-03,3,3
KE044,Migori,2013-09,2,0
KE044,Migori,2013-10,1,1
KE044,Migori,2013-12,1,1
KE044,Migori,2014-04,1,0
KE044,Migori,2015-07,1,3
KE044,Migori,2017-01,1,0
KE044,Migori,2017-04,2,0
KE044,Migori,2017-05,1,0
KE044,Migori,2017-10,2,1
KE044,Migori,2017-12,1,1
KE044,Migori,2018-01,1,1
KE044,Migori,2018-09,1,1
KE044,Migori,2019-01,1,1
KE044,Migori,2019-08,1,0
KE044,Migori,2021-11,1,0
KE044,Migori,2022-04,1,0
KE044,Migori,2022-07,1,0
KE044,Migori,2022-09,1,0
KE044,Migori,2023-02,1,0
KE044,Migori,2023-04,1,2
KE044,Migori,2023-09,1,1
KE044,Migori,2023-12,1,0
KE044,Migori,2024-03,1,0
KE044,Migori,2024-10,1,0
KE044,Migori,2024-12,1,0
KE044,Migori,2025-01,1,1
KE044,Migori,2025-05,1,0
KE044,Migori,2025-06,1,1
KE044,Migori,2025-08,2,1
KE044,Migori,2025-09,1,1
KE044,Migori,2025-11,1,1
KE044,Migori,2026-01,1,1
KE001,Mombasa,2007-12,6,31
KE001,Mombasa,2008-06,1,0
KE001,Mombasa,2009-12,1,0
KE001,Mombasa,2010-04,1,0
KE001,Mombasa,2010-10,2,0
KE001,Mombasa,2010-11,1,0
KE001,Mombasa,2010-12,1,0
KE001,Mombasa,2011-05,1,2
KE001,Mombasa,2011-09,1,1
KE001,Mombasa,2011-12,1,0
KE001,Mombasa,2012-01,2,0
KE001,Mombasa,2012-02,3,0
KE001,Mombasa,2012-03,1,0
KE001,Mombasa,2012-06,2,3
KE001,Mombasa,2012-07,1,1
KE001,Mombasa,2012-08,5,6
KE001,Mombasa,2012-10,3,7
KE001,Mombasa,2012-12,1,1
KE001,Mombasa,2013-01,1,0
KE001,Mombasa,2013-02,7,17
KE001,Mombasa,2013-03,1,1
KE001,Mombasa,2013-04,2,1
KE001,Mombasa,2013-05,1,1
KE001,Mombasa,2013-06,3,2
KE001,Mombasa,2013-07,2,0
KE001,Mombasa,2013-08,2,0
KE001,Mombasa,2013-09,2,4
KE001,Mombasa,2013-12,2,1
KE001,Mombasa,2014-01,4,10
KE001,Mombasa,2014-02,1,0
KE001,Mombasa,2014-03,4,13
KE001,Mombasa,2014-05,2,1
KE001,Mombasa,2014-06,1,1
KE001,Mombasa,2014-07,6,11
KE001,Mombasa,2014-08,3,2
KE001,Mombasa,2014-11,4,6
KE001,Mombasa,2015-01,1,1
KE001,Mombasa,2015-03,1,1
KE001,Mombasa,2015-06,1,1
KE001,Mombasa,2015-10,1,1
KE001,Mombasa,2016-07,1,2
KE001,Mombasa,2016-08,1,2
KE001,Mombasa,2016-09,1,1
KE001,Mombasa,2016-10,1,3
KE001,Mombasa,2017-02,1,1
KE001,Mombasa,2017-04,1,1
KE001,Mombasa,2017-06,1,1
KE001,Mombasa,2017-08,2,3
KE001,Mombasa,2017-10,1,0
KE001,Mombasa,2017-12,1,1
KE001,Mombasa,2018-01,1,3
KE001,Mombasa,2018-06,1,1
KE001,Mombasa,2018-08,3,3
KE001,Mombasa,2018-11,4,2
KE001,Mombasa,2018-12,1,1
KE001,Mombasa,2019-01,1,1
KE001,Mombasa,2019-07,2,1
KE001,Mombasa,2019-09,1,3
KE001,Mombasa,2019-11,3,1
KE001,Mombasa,2020-03,3,1
KE001,Mombasa,2020-04,1,1
KE001,Mombasa,2020-08,1,0
KE001,Mombasa,2021-07,1,0
KE001,Mombasa,2021-08,1,0
KE001,Mombasa,2021-09,1,0
KE001,Mombasa,2022-02,1,0
KE001,Mombasa,2022-05,1,1
KE001,Mombasa,2022-11,1,0
KE001,Mombasa,2023-02,1,0
KE001,Mombasa,2023-04,1,2
KE001,Mombasa,2023-05,1,0
KE001,Mombasa,2023-09,1,0
KE001,Mombasa,2023-10,1,0
KE001,Mombasa,2023-12,1,0
KE001,Mombasa,2024-04,2,0
KE001,Mombasa,2024-06,2,0
KE001,Mombasa,2024-07,1,0
KE001,Mombasa,2024-10,1,0
KE001,Mombasa,2024-11,1,0
KE001,Mombasa,2025-02,2,0
KE001,Mombasa,2025-03,1,0
KE001,Mombasa,2025-04,1,1
KE001,Mombasa,2025-06,1,0
KE001,Mombasa,2025-09,1,0
KE001,Mombasa,2025-11,1,0
KE001,Mombasa,2025-12,2,1
KE021,Murang'a,2006-01,1,5
KE021,Murang'a,2007-02,5,24
KE021,Murang'a,2007-05,1,3
KE021,Murang'a,2007-06,2,3
KE021,Murang'a,2007-12,1,1
KE021,Murang'a,2008-06,1,1
KE021,Murang'a,2009-07,1,0
KE021,Murang'a,2011-01,1,0
KE021,Murang'a,2013-01,1,1
KE021,Murang'a,2013-03,1,1
KE021,Murang'a,2013-08,1,2
KE021,Murang'a,2017-03,1,1
KE021,Murang'a,2017-09,1,0
KE021,Murang'a,2018-09,1,1
KE021,Murang'a,2019-01,1,1
KE021,Murang'a,2019-02,1,0
KE021,Murang'a,2019-08,1,1
KE021,Murang'a,2019-11,1,0
KE021,Murang'a,2020-12,1,0
KE021,Murang'a,2022-11,1,0
KE021,Murang'a,2023-07,1,0
KE021,Murang'a,2023-12,1,4
KE021,Murang'a,2024-10,1,0
KE021,Murang'a,2024-11,1,0
KE021,Murang'a,2024-12,1,0
KE021,Murang'a,2025-01,1,0
KE021,Murang'a,2025-07,1,0
KE021,Murang'a,2025-12,1,0
KE047,Nairobi,2006-01,1,0
KE047,Nairobi,2006-02,1,0
KE047,Nairobi,2006-04,5,6
KE047,Nairobi,2006-05,1,0
KE047,Nairobi,2006-06,1,1
KE047,Nairobi,2006-09,1,0
KE047,Nairobi,2006-11,1,0
KE047,Nairobi,2007-01,3,2
KE047,Nairobi,2007-02,8,42
KE047,Nairobi,2007-03,1,2
KE047,Nairobi,2007-04,1,1
KE047,Nairobi,2007-05,1,0
KE047,Nairobi,2007-06,14,39
KE047,Nairobi,2007-07,4,19
KE047,Nairobi,2007-08,2,2
KE047,Nairobi,2007-09,4,11
KE047,Nairobi,2007-10,1,1
KE047,Nairobi,2007-11,3,2
KE047,Nairobi,2007-12,19,18
KE047,Nairobi,2008-01,12,25
KE047,Nairobi,2008-02,1,1
KE047,Nairobi,2008-04,1,2
KE047,Nairobi,2008-05,3,3
KE047,Nairobi,2008-08,1,1
KE047,Nairobi,2008-11,2,1
KE047,Nairobi,2008-12,5,5
KE047,Nairobi,2009-02,2,3
KE047,Nairobi,2009-03,1,0
KE047,Nairobi,2009-07,3,0
KE047,Nairobi,2009-09,2,0
KE047,Nairobi,2009-10,2,8
KE047,Nairobi,2009-11,1,0
KE047,Nairobi,2009-12,1,0
KE047,Nairobi,2010-02,1,0
KE047,Nairobi,2010-06,1,7
KE047,Nairobi,2010-09,2,1
KE047,Nairobi,2010-10,1,2
KE047,Nairobi,2010-11,2,5
KE047,Nairobi,2010-12,4,9
KE047,Nairobi,2011-01,3,4
KE047,Nairobi,2011-04,2,3
KE047,Nairobi,2011-05,2,2
KE047,Nairobi,2011-06,4,1
KE047,Nairobi,2011-08,1,0
KE047,Nairobi,2011-09,2,0
KE047,Nairobi,2011-10,2,1
KE047,Nairobi,2011-12,1,0
KE047,Nairobi,2012-01,3,9
KE047,Nairobi,2012-03,2,0
KE047,Nairobi,2012-04,1,2
KE047,Nairobi,2012-05,1,1
KE047,Nairobi,2012-06,1,0
KE047,Nairobi,2012-07,5,1
KE047,Nairobi,2012-08,1,1
KE047,Nairobi,2012-09,2,3
KE047,Nairobi,2012-10,3,9
KE047,Nairobi,2012-11,5,13
KE047,Nairobi,2012-12,2,0
KE047,Nairobi,2013-01,5,2
KE047,Nairobi,2013-02,4,3
KE047,Nairobi,2013-03,1,0
KE047,Nairobi,2013-04,3,0
KE047,Nairobi,2013-05,2,4
KE047,Nairobi,2013-06,3,2
KE047,Nairobi,2013-08,2,1
KE047,Nairobi,2013-09,12,84
KE047,Nairobi,2013-11,1,1
KE047,Nairobi,2013-12,3,6
KE047,Nairobi,2014-02,1,0
KE047,Nairobi,2014-03,4,13
KE047,Nairobi,2014-04,4,5
KE047,Nairobi,2014-10,2,10
KE047,Nairobi,2014-11,1,1
KE047,Nairobi,2015-01,1,4
KE047,Nairobi,2015-02,1,1
KE047,Nairobi,2015-03,1,1
KE047,Nairobi,2015-08,1,0
KE047,Nairobi,2015-11,1,0
KE047,Nairobi,2016-02,2,2
KE047,Nairobi,2016-04,1,1
KE047,Nairobi,2016-06,1,2
KE047,Nairobi,2016-09,1,1
KE047,Nairobi,2016-10,1,1
KE047,Nairobi,2017-01,1,0
KE047,Nairobi,2017-03,4,3
KE047,Nairobi,2017-04,2,0
KE047,Nairobi,2017-05,3,1
KE047,Nairobi,2017-06,3,1
KE047,Nairobi,2017-07,2,2
KE047,Nairobi,2017-08,1,1
KE047,Nairobi,2017-10,6,9
KE047,Nairobi,2017-11,3,17
KE047,Nairobi,2017-12,4,7
KE047,Nairobi,2018-01,1,1
KE047,Nairobi,2018-03,4,1
KE047,Nairobi,2018-05,1,1
KE047,Nairobi,2018-07,1,1
KE047,Nairobi,2018-08,5,9
KE047,Nairobi,2018-09,4,5
KE047,Nairobi,2018-10,4,8
KE047,Nairobi,2018-11,2,0
KE047,Nairobi,2018-12,1,1
KE047,Nairobi,2019-01,4,2
KE047,Nairobi,2019-02,1,1
KE047,Nairobi,2019-06,1,0
KE047,Nairobi,2019-07,1,1
KE047,Nairobi,2019-09,2,2
KE047,Nairobi,2019-12,5,23
KE047,Nairobi,2020-02,2,1
KE047,Nairobi,2020-03,4,2
KE047,Nairobi,2020-04,3,2
KE047,Nairobi,2020-05,3,1
KE047,Nairobi,2020-07,1,0
KE047,Nairobi,2020-08,1,0
KE047,Nairobi,2020-11,1,3
KE047,Nairobi,2021-01,1,0
KE047,Nairobi,2021-03,1,0
KE047,Nairobi,2021-04,1,0
KE047,Nairobi,2021-05,2,1
KE047,Nairobi,2021-06,2,0
KE047,Nairobi,2021-08,1,1
KE047,Nairobi,2021-09,1,1
KE047,Nairobi,2021-10,3,1
KE047,Nairobi,2021-11,4,3
KE047,Nairobi,2022-01,2,2
KE047,Nairobi,2022-02,3,1
KE047,Nairobi,2022-03,1,0
KE047,Nairobi,2022-05,1,0
KE047,Nairobi,2022-06,2,0
KE047,Nairobi,2022-07,1,0
KE047,Nairobi,2022-08,4,1
KE047,Nairobi,2022-09,7,3
KE047,Nairobi,2022-10,1,1
KE047,Nairobi,2022-12,1,1
KE047,Nairobi,2023-01,3,0
KE047,Nairobi,2023-03,2,1
KE047,Nairobi,2023-04,1,0
KE047,Nairobi,2023-05,1,0
KE047,Nairobi,2023-06,3,3
KE047,Nairobi,2023-07,3,0
KE047,Nairobi,2023-08,1,0
KE047,Nairobi,2023-09,2,0
KE047,Nairobi,2023-10,1,0
KE047,Nairobi,2023-11,7,2
KE047,Nairobi,2024-01,1,0
KE047,Nairobi,2024-02,2,2
KE047,Nairobi,2024-03,3,0
KE047,Nairobi,2024-05,2,2
KE047,Nairobi,2024-06,17,0
KE047,Nairobi,2024-07,5,1
KE047,Nairobi,2024-08,4,3
KE047,Nairobi,2024-09,3,1
KE047,Nairobi,2024-10,1,0
KE047,Nairobi,2024-11,3,0
KE047,Nairobi,2024-12,6,1
KE047,Nairobi,2025-01,4,2
KE047,Nairobi,2025-02,1,0
KE047,Nairobi,2025-03,2,0
KE047,Nairobi,2025-04,5,1
KE047,Nairobi,2025-05,1,0
KE047,Nairobi,2025-06,2,1
KE047,Nairobi,2025-07,2,1
KE047,Nairobi,2025-08,1,0
KE047,Nairobi,2025-09,2,0
KE047,Nairobi,2025-11,2,0
KE047,Nairobi,2026-01,1,2
KE047,Nairobi,2026-02,4,0
KE047,Nairobi,2026-03,1,0
KE047,Nairobi,2026-04,2,0
KE047,Nairobi,2026-07,1,0
KE047,Nairobi,2026-10,1,0
KE032,Nakuru,2006-04,5,3
KE032,Nakuru,2006-06,1,1
KE032,Nakuru,2006-07,3,2
KE032,Nakuru,2006-10,1,4
KE032,Nakuru,2006-11,1,2
KE032,Nakuru,2007-01,5,9
KE032,Nakuru,2007-05,1,5
KE032,Nakuru,2007-08,1,0
KE032,Nakuru,2007-10,1,0
KE032,Nakuru,2007-11,6,4
KE032,Nakuru,2007-12,4,3
KE032,Nakuru,2008-01,54,180
KE032,Nakuru,2008-02,2,12
KE032,Nakuru,2008-05,3,3
KE032,Nakuru,2008-10,1,0
KE032,Nakuru,2009-11,1,0
KE032,Nakuru,2010-02,1,0
KE032,Nakuru,2010-05,1,0
KE032,Nakuru,2010-11,2,2
KE032,Nakuru,2011-01,4,1
KE032,Nakuru,2013-03,1,0
KE032,Nakuru,2013-07,2,8
KE032,Nakuru,2014-01,2,0
KE032,Nakuru,2014-04,1,1
KE032,Nakuru,2014-12,1,0
KE032,Nakuru,2015-01,1,3
KE032,Nakuru,2016-08,1,1
KE032,Nakuru,2016-12,1,0
KE032,Nakuru,2017-04,1,0
KE032,Nakuru,2017-05,1,1
KE032,Nakuru,2017-08,1,2
KE032,Nakuru,2018-01,1,1
KE032,Nakuru,2018-03,1,0
KE032,Nakuru,2018-06,1,1
KE032,Nakuru,2018-08,13,13
KE032,Nakuru,2018-11,2,2
KE032,Nakuru,2019-01,1,0
KE032,Nakuru,2019-05,1,0
KE032,Nakuru,2019-09,1,1
KE032,Nakuru,2019-10,1,0
KE032,Nakuru,2020-02,2,0
KE032,Nakuru,2020-03,4,1
KE032,Nakuru,2020-07,1,1
KE032,Nakuru,2020-08,1,1
KE032,Nakuru,2020-09,1,1
KE032,Nakuru,2020-12,1,1
KE032,Nakuru,2021-03,1,1
KE032,Nakuru,2021-06,1,3
KE032,Nakuru,2022-05,2,1
KE032,Nakuru,2022-07,1,0
KE032,Nakuru,2022-09,2,5
KE032,Nakuru,2022-11,2,1
KE032,Nakuru,2022-12,1,0
KE032,Nakuru,2023-01,2,0
KE032,Nakuru,2023-03,1,1
KE032,Nakuru,2023-06,1,1
KE032,Nakuru,2023-09,2,1
KE032,Nakuru,2023-10,1,0
KE032,Nakuru,2023-12,1,0
KE032,Nakuru,2024-01,1,0
KE032,Nakuru,2024-04,1,1
KE032,Nakuru,2024-06,1,1
KE032,Nakuru,2024-09,3,0
KE032,Nakuru,2024-10,1,5
KE032,Nakuru,2024-11,1,0
KE032,Nakuru,2024-12,1,0
KE032,Nakuru,2025-01,3,1
KE032,Nakuru,2025-02,3,2
KE032,Nakuru,2025-03,2,2
KE032,Nakuru,2025-04,4,1
KE032,Nakuru,2025-05,3,0
KE032,Nakuru,2025-07,1,0
KE032,Nakuru,2025-08,1,1
KE032,Nakuru,2025-11,2,0
KE032,Nakuru,2026-01,1,0
KE032,Nakuru,2026-02,1,1
KE032,Nakuru,2026-10,1,0
KE029,Nandi,2012-02,5,0
KE029,Nandi,2016-06,1,2
KE029,Nandi,2018-11,1,1
KE029,Nandi,2019-05,1,0
KE029,Nandi,2020-05,1,2
KE029,Nandi,2020-06,1,1
KE029,Nandi,2022-12,1,0
KE029,Nandi,2023-12,1,0
KE029,Nandi,2024-03,1,0
KE029,Nandi,2024-10,1,0
KE029,Nandi,2025-05,1,0
KE029,Nandi,2025-12,1,0
KE029,Nandi,2026-10,1,0
KE033,Narok,2008-12,1,4
KE033,Narok,2010-02,1,1
KE033,Narok,2012-05,1,0
KE033,Narok,2012-09,1,0
KE033,Narok,2013-03,1,3
KE033,Narok,2013-04,2,5
KE033,Narok,2013-08,1,8
KE033,Narok,2013-09,1,1
KE033,Narok,2015-12,4,5
KE033,Narok,2016-06,1,1
KE033,Narok,2016-09,1,1
KE033,Narok,2016-10,1,0
KE033,Narok,2016-12,5,8
KE033,Narok,2017-04,1,0
KE033,Narok,2017-07,1,1
KE033,Narok,2017-09,2,9
KE033,Narok,2017-11,2,0
KE033,Narok,2018-01,3,3
KE033,Narok,2018-06,1,0
KE033,Narok,2018-08,4,2
KE033,Narok,2018-09,1,0
KE033,Narok,2018-10,1,0
KE033,Narok,2019-09,3,4
KE033,Narok,2019-10,2,0
KE033,Narok,2019-12,2,4
KE033,Narok,2020-01,3,1
KE033,Narok,2020-03,1,1
KE033,Narok,2020-04,2,2
KE033,Narok,2020-05,2,8
KE033,Narok,2020-06,1,0
KE033,Narok,2020-07,4,3
KE033,Narok,2021-07,1,1
KE033,Narok,2022-03,2,1
KE033,Narok,2022-05,2,0
KE033,Narok,2022-10,1,0
KE033,Narok,2023-01,1,0
KE033,Narok,2023-02,1,0
KE033,Narok,2023-03,4,1
KE033,Narok,2023-04,1,0
KE033,Narok,2023-06,1,0
KE033,Narok,2023-07,1,0
KE033,Narok,2023-09,3,2
KE033,Narok,2023-10,1,1
KE033,Narok,2023-12,2,0
KE033,Narok,2024-02,2,4
KE033,Narok,2024-03,2,3
KE033,Narok,2024-04,1,0
KE033,Narok,2024-06,2,1
KE033,Narok,2024-07,1,0
KE033,Narok,2024-09,1,1
KE033,Narok,2024-10,1,4
KE033,Narok,2025-02,1,1
KE033,Narok,2025-03,1,0
KE033,Narok,2025-04,1,3
KE033,Narok,2025-05,2,1
KE033,Narok,2025-06,3,8
KE033,Narok,2025-07,1,1
KE033,Narok,2025-08,1,1
KE033,Narok,2025-09,1,1
KE033,Narok,2025-10,1,1
KE033,Narok,2025-11,7,5
KE033,Narok,2025-12,6,5
KE033,Narok,2026-01,1,0
KE033,Narok,2026-02,1,0
KE033,Narok,2026-10,1,1
KE046,Nyamira,2007-01,1,0
KE046,Nyamira,2007-10,1,3
KE046,Nyamira,2007-12,1,1
KE046,Nyamira,2008-01,4,27
KE046,Nyamira,2010-01,1,1
KE046,Nyamira,2010-12,1,0
KE046,Nyamira,2011-01,1,0
KE046,Nyamira,2016-10,1,0
KE046,Nyamira,2018-06,1,1
KE046,Nyamira,2019-08,1,1
KE046,Nyamira,2020-11,1,0
KE046,Nyamira,2022-10,1,1
KE046,Nyamira,2023-03,1,2
KE046,Nyamira,2024-07,1,0
KE046,Nyamira,2026-07,1,0
KE018,Nyandarua,2006-09,4,2
KE018,Nyandarua,2007-10,1,1
KE018,Nyandarua,2014-04,1,0
KE018,Nyandarua,2017-04,1,1
KE018,Nyandarua,2017-07,1,1
KE018,Nyandarua,2018-01,1,3
KE018,Nyandarua,2020-05,1,1
KE018,Nyandarua,2023-06,1,4
KE019,Nyeri,2006-03,1,0
KE019,Nyeri,2007-06,1,2
KE019,Nyeri,2007-11,2,5
KE019,Nyeri,2007-12,3,0
KE019,Nyeri,2008-03,1,1
KE019,Nyeri,2008-08,1,4
KE019,Nyeri,2008-11,2,2
KE019,Nyeri,2009-04,2,24
KE019,Nyeri,2010-02,1,0
KE019,Nyeri,2010-10,1,0
KE019,Nyeri,2010-11,1,1
KE019,Nyeri,2011-03,1,2
KE019,Nyeri,2012-12,1,0
KE019,Nyeri,2013-02,1,0
KE019,Nyeri,2013-09,1,1
KE019,Nyeri,2014-03,1,0
KE019,Nyeri,2015-11,1,3
KE019,Nyeri,2017-03,1,1
KE019,Nyeri,2017-08,1,0
KE019,Nyeri,2017-10,1,1
KE019,Nyeri,2018-03,1,0
KE019,Nyeri,2018-06,1,0
KE019,Nyeri,2018-07,1,1
KE019,Nyeri,2019-02,1,0
KE019,Nyeri,2019-07,1,0
KE019,Nyeri,2022-09,1,1
KE019,Nyeri,2022-10,1,3
KE019,Nyeri,2023-11,1,1
KE019,Nyeri,2025-04,1,0
KE019,Nyeri,2026-01,1,1
KE025,Samburu,2006-01,1,0
KE025,Samburu,2006-04,1,1
KE025,Samburu,2006-05,3,12
KE025,Samburu,2006-07,1,3
KE025,Samburu,2006-09,1,6
KE025,Samburu,2007-05,3,32
KE025,Samburu,2007-07,2,20
KE025,Samburu,2008-03,1,6
KE025,Samburu,2008-09,2,13
KE025,Samburu,2008-12,1,5
KE025,Samburu,2010-05,1,0
KE025,Samburu,2010-06,1,3
KE025,Samburu,2010-07,1,5
KE025,Samburu,2010-12,1,1
KE025,Samburu,2011-01,1,0
KE025,Samburu,2012-03,1,12
KE025,Samburu,2012-09,1,1
KE025,Samburu,2012-10,3,13
KE025,Samburu,2013-04,1,0
KE025,Samburu,2013-07,1,0
KE025,Samburu,2013-12,1,4
KE025,Samburu,2015-02,1,15
KE025,Samburu,2016-08,1,0
KE025,Samburu,2017-03,2,13
KE025,Samburu,2017-05,2,6
KE025,Samburu,2017-07,2,3
KE025,Samburu,2017-09,1,3
KE025,Samburu,2018-01,1,0
KE025,Samburu,2018-03,2,14
KE025,Samburu,2019-04,1,1
KE025,Samburu,2019-05,1,2
KE025,Samburu,2019-09,3,5
KE025,Samburu,2019-10,1,1
KE025,Samburu,2019-11,1,0
KE025,Samburu,2019-12,1,2
KE025,Samburu,2020-02,1,0
KE025,Samburu,2020-07,2,2
KE025,Samburu,2020-08,1,1
KE025,Samburu,2020-10,2,1
KE025,Samburu,2020-11,2,2
KE025,Samburu,2020-12,1,1
KE025,Samburu,2021-02,1,2
KE025,Samburu,2021-07,2,4
KE025,Samburu,2021-09,1,1
KE025,Samburu,2021-10,3,28
KE025,Samburu,2021-12,2,2
KE025,Samburu,2022-01,1,1
KE025,Samburu,2022-02,2,1
KE025,Samburu,2022-05,3,0
KE025,Samburu,2022-06,1,0
KE025,Samburu,2022-07,2,4
KE025,Samburu,2022-09,2,1
KE025,Samburu,2022-10,4,2
KE025,Samburu,2022-11,3,1
KE025,Samburu,2022-12,3,2
KE025,Samburu,2023-01,6,4
KE025,Samburu,2023-02,5,16
KE025,Samburu,2023-03,10,9
KE025,Samburu,2023-04,6,17
KE025,Samburu,2023-05,4,4
KE025,Samburu,2023-06,2,3
KE025,Samburu,2023-07,4,1
KE025,Samburu,2023-08,3,4
KE025,Samburu,2023-09,6,9
KE025,Samburu,2023-10,2,4
KE025,Samburu,2023-11,2,3
KE025,Samburu,2023-12,4,7
KE025,Samburu,2024-01,9,3
KE025,Samburu,2024-02,10,7
KE025,Samburu,2024-03,2,3
KE025,Samburu,2024-04,1,0
KE025,Samburu,2024-06,1,0
KE025,Samburu,2024-08,1,1
KE025,Samburu,2024-09,3,4
KE025,Samburu,2024-10,1,1
KE025,Samburu,2024-11,2,0
KE025,Samburu,2024-12,1,0
KE025,Samburu,2025-01,1,1
KE025,Samburu,2025-02,2,2
KE025,Samburu,2025-03,6,6
KE025,Samburu,2025-04,1,0
KE025,Samburu,2025-05,2,1
KE025,Samburu,2025-06,1,0
KE025,Samburu,2025-07,3,1
KE025,Samburu,2025-08,7,9
KE025,Samburu,2025-09,3,4
KE025,Samburu,2025-10,1,0
KE025,Samburu,2025-11,3,5
KE025,Samburu,2025-12,2,1
KE025,Samburu,2026-01,2,2
KE025,Samburu,2026-02,1,0
KE025,Samburu,2026-04,1,1
KE025,Samburu,2026-10,1,2
KE025,Samburu,2026-11,1,1
KE041,Siaya,2007-11,1,0
KE041,Siaya,2007-12,2,2
KE041,Siaya,2008-01,1,6
KE041,Siaya,2012-02,5,7
KE041,Siaya,2012-08,1,0
KE041,Siaya,2013-12,1,0
KE041,Siaya,2017-03,2,0
KE041,Siaya,2017-07,1,0
KE041,Siaya,2018-12,1,1
KE041,Siaya,2020-11,1,0
KE041,Siaya,2022-04,1,0
KE041,Siaya,2022-06,1,0
KE041,Siaya,2023-11,2,3
KE041,Siaya,2024-01,1,2
KE041,Siaya,2024-02,1,0
KE041,Siaya,2024-03,1,0
KE041,Siaya,2024-04,1,1
KE041,Siaya,2024-07,1,0
KE041,Siaya,2024-09,1,1
KE041,Siaya,2024-12,1,0
KE041,Siaya,2025-04,1,9
KE041,Siaya,2025-06,1,2
KE006,Taita Taveta,2007-04,2,3
KE006,Taita Taveta,2007-05,1,0
KE006,Taita Taveta,2007-08,1,1
KE006,Taita Taveta,2010-01,1,0
KE006,Taita Taveta,2011-05,1,0
KE006,Taita Taveta,2012-07,1,0
KE006,Taita Taveta,2013-09,1,0
KE006,Taita Taveta,2014-02,1,1
KE006,Taita Taveta,2017-04,1,2
KE006,Taita Taveta,2017-11,1,2
KE006,Taita Taveta,2019-05,1,1
KE006,Taita Taveta,2019-09,2,2
KE006,Taita Taveta,2019-11,1,1
KE006,Taita Taveta,2019-12,1,1
KE006,Taita Taveta,2020-05,1,0
KE006,Taita Taveta,2023-09,1,0
KE006,Taita Taveta,2024-09,1,0
KE006,Taita Taveta,2025-01,1,0
KE004,Tana River,2007-01,1,0
KE004,Tana River,2008-01,1,3
KE004,Tana River,2008-12,4,5
KE004,Tana River,2009-01,1,1
KE004,Tana River,2011-01,2,7
KE004,Tana River,2011-02,1,0
KE004,Tana River,2012-01,2,11
KE004,Tana River,2012-08,8,96
KE004,Tana River,2012-09,1,0
KE004,Tana River,2012-10,2,4
KE004,Tana River,2012-11,2,4
KE004,Tana River,2012-12,1,45
KE004,Tana River,2013-05,3,19
KE004,Tana River,2013-08,1,0
KE004,Tana River,2013-12,1,0
KE004,Tana River,2014-01,1,1
KE004,Tana River,2014-04,1,0
KE004,Tana River,2014-05,1,12
KE004,Tana River,2014-09,1,1
KE004,Tana River,2015-01,1,9
KE004,Tana River,2015-05,1,1
KE004,Tana River,2015-11,1,0
KE004,Tana River,2017-04,1,3
KE004,Tana River,2017-05,5,9
KE004,Tana River,2017-06,1,2
KE004,Tana River,2017-08,1,3
KE004,Tana River,2017-11,1,2
KE004,Tana River,2019-07,1,4
KE004,Tana River,2020-10,1,0
KE004,Tana River,2021-01,1,1
KE004,Tana River,2021-05,1,1
KE004,Tana River,2022-05,1,0
KE004,Tana River,2022-06,1,0
KE004,Tana River,2023-01,1,1
KE004,Tana River,2023-08,1,2
KE004,Tana River,2023-10,2,1
KE004,Tana River,2023-12,1,1
KE004,Tana River,2024-05,5,17
KE004,Tana River,2024-07,2,1
KE004,Tana River,2024-08,2,5
KE004,Tana River,2024-09,4,7
KE004,Tana River,2024-12,1,1
KE004,Tana River,2025-01,1,1
KE004,Tana River,2025-03,1,0
KE004,Tana River,2025-04,1,1
KE004,Tana River,2025-07,1,0
KE004,Tana River,2025-08,2,3
KE004,Tana River,2025-11,1,1
KE004,Tana River,2026-03,1,0
KE013,Tharaka-Nithi,2007-06,1,0
KE013,Tharaka-Nithi,2018-06,1,0
KE013,Tharaka-Nithi,2022-10,1,0
KE013,Tharaka-Nithi,2023-01,1,1
KE013,Tharaka-Nithi,2023-02,1,1
KE013,Tharaka-Nithi,2023-03,1,1
KE013,Tharaka-Nithi,2023-04,2,0
KE013,Tharaka-Nithi,2023-05,1,0
KE013,Tharaka-Nithi,2023-12,1,0
KE013,Tharaka-Nithi,2024-02,1,0
KE013,Tharaka-Nithi,2025-02,1,0
KE026,Trans Nzoia,2007-04,1,11
KE026,Trans Nzoia,2007-07,1,0
KE026,Trans Nzoia,2007-10,1,1
KE026,Trans Nzoia,2007-12,1,7
KE026,Trans Nzoia,2008-01,9,40
KE026,Trans Nzoia,2008-03,1,7
KE026,Trans Nzoia,2008-05,4,2
KE026,Trans Nzoia,2008-08,3,6
KE026,Trans Nzoia,2008-12,1,7
KE026,Trans Nzoia,2016-03,1,1
KE026,Trans Nzoia,2017-06,1,1
KE026,Trans Nzoia,2018-06,1,0
KE026,Trans Nzoia,2020-03,1,0
KE026,Trans Nzoia,2020-05,1,1
KE026,Trans Nzoia,2021-09,2,1
KE026,Trans Nzoia,2022-03,1,1
KE026,Trans Nzoia,2023-06,1,0
KE026,Trans Nzoia,2024-01,1,0
KE026,Trans Nzoia,2024-04,1,2
KE026,Trans Nzoia,2024-06,2,3
KE026,Trans Nzoia,2025-01,1,1
KE026,Trans Nzoia,2025-03,2,0
KE026,Trans Nzoia,2025-06,1,3
KE026,Trans Nzoia,2025-10,1,1
KE026,Trans Nzoia,2026-03,1,1
KE023,Turkana,2006-01,2,31
KE023,Turkana,2006-03,2,5
KE023,Turkana,2006-04,2,7
KE023,Turkana,2006-06,1,0
KE023,Turkana,2006-07,1,1
KE023,Turkana,2006-08,1,1
KE023,Turkana,2006-09,1,19
KE023,Turkana,2006-11,1,2
KE023,Turkana,2006-12,2,14
KE023,Turkana,2007-01,2,8
KE023,Turkana,2007-04,3,45
KE023,Turkana,2007-07,4,18
KE023,Turkana,2008-01,3,50
KE023,Turkana,2008-02,1,40
KE023,Turkana,2008-03,1,1
KE023,Turkana,2008-07,1,74
KE023,Turkana,2008-08,3,21
KE023,Turkana,2008-09,2,81
KE023,Turkana,2008-11,2,5
KE023,Turkana,2008-12,4,6
KE023,Turkana,2009-02,1,2
KE023,Turkana,2009-05,1,0
KE023,Turkana,2009-07,2,2
KE023,Turkana,2009-08,8,48
KE023,Turkana,2009-10,7,31
KE023,Turkana,2010-01,3,9
KE023,Turkana,2010-02,3,5
KE023,Turkana,2010-04,2,18
KE023,Turkana,2010-05,1,0
KE023,Turkana,2010-06,1,3
KE023,Turkana,2010-08,1,7
KE023,Turkana,2010-09,2,3
KE023,Turkana,2010-11,3,8
KE023,Turkana,2011-01,2,1
KE023,Turkana,2011-04,3,48
KE023,Turkana,2011-05,1,9
KE023,Turkana,2011-06,2,9
KE023,Turkana,2011-11,1,11
KE023,Turkana,2012-03,3,8
KE023,Turkana,2012-04,1,2
KE023,Turkana,2012-05,1,1
KE023,Turkana,2012-06,1,3
KE023,Turkana,2012-07,1,0
KE023,Turkana,2012-10,2,42
KE023,Turkana,2012-11,2,1
KE023,Turkana,2013-01,1,7
KE023,Turkana,2013-02,2,11
KE023,Turkana,2013-03,2,5
KE023,Turkana,2013-04,2,4
KE023,Turkana,2013-05,1,5
KE023,Turkana,2013-06,1,4
KE023,Turkana,2013-07,1,4
KE023,Turkana,2013-08,3,3
KE023,Turkana,2013-09,2,1
KE023,Turkana,2013-10,2,17
KE023,Turkana,2013-11,2,0
KE023,Turkana,2013-12,1,1
KE023,Turkana,2014-01,4,9
KE023,Turkana,2014-06,1,2
KE023,Turkana,2014-10,3,5
KE023,Turkana,2014-12,1,6
KE023,Turkana,2015-01,1,4
KE023,Turkana,2015-07,1,1
KE023,Turkana,2015-08,1,1
KE023,Turkana,2015-10,1,3
KE023,Turkana,2016-10,1,0
KE023,Turkana,2016-11,1,1
KE023,Turkana,2016-12,2,2
KE023,Turkana,2017-03,1,2
KE023,Turkana,2017-04,2,2
KE023,Turkana,2017-05,1,1
KE023,Turkana,2017-07,1,3
KE023,Turkana,2017-10,2,12
KE023,Turkana,2017-11,2,4
KE023,Turkana,2018-01,2,3
KE023,Turkana,2018-02,1,3
KE023,Turkana,2018-07,2,3
KE023,Turkana,2018-08,1,2
KE023,Turkana,2018-09,2,5
KE023,Turkana,2018-11,1,1
KE023,Turkana,2019-01,1,6
KE023,Turkana,2019-02,2,3
KE023,Turkana,2019-06,2,1
KE023,Turkana,2019-08,2,2
KE023,Turkana,2020-01,1,3
KE023,Turkana,2020-05,2,5
KE023,Turkana,2020-09,1,0
KE023,Turkana,2020-10,1,1
KE023,Turkana,2020-11,1,4
KE023,Turkana,2021-01,2,14
KE023,Turkana,2021-04,1,3
KE023,Turkana,2021-05,1,0
KE023,Turkana,2021-07,1,0
KE023,Turkana,2021-08,1,0
KE023,Turkana,2021-09,1,1
KE023,Turkana,2021-10,2,2
KE023,Turkana,2022-01,6,7
KE023,Turkana,2022-03,2,5
KE023,Turkana,2022-04,3,0
KE023,Turkana,2022-05,6,1
KE023,Turkana,2022-06,1,1
KE023,Turkana,2022-07,10,16
KE023,Turkana,2022-09,4,24
KE023,Turkana,2022-10,3,3
KE023,Turkana,2022-12,4,1
KE023,Turkana,2023-01,8,2
KE023,Turkana,2023-02,4,2
KE023,Turkana,2023-03,2,1
KE023,Turkana,2023-04,10,17
KE023,Turkana,2023-05,1,3
KE023,Turkana,2023-06,2,2
KE023,Turkana,2023-07,6,11
KE023,Turkana,2023-08,5,4
KE023,Turkana,2023-09,4,6
KE023,Turkana,2023-10,1,0
KE023,Turkana,2023-11,6,4
KE023,Turkana,2023-12,4,3
KE023,Turkana,2024-01,5,7
KE023,Turkana,2024-02,1,0
KE023,Turkana,2024-03,4,7
KE023,Turkana,2024-04,3,1
KE023,Turkana,2024-05,1,1
KE023,Turkana,2024-06,5,17
KE023,Turkana,2024-08,1,1
KE023,Turkana,2024-09,2,2
KE023,Turkana,2024-11,2,1
KE023,Turkana,2025-01,4,3
KE023,Turkana,2025-02,5,51
KE023,Turkana,2025-03,2,2
KE023,Turkana,2025-04,4,2
KE023,Turkana,2025-05,3,0
KE023,Turkana,2025-06,3,2
KE023,Turkana,2025-07,5,3
KE023,Turkana,2025-08,5,6
KE023,Turkana,2025-09,3,3
KE023,Turkana,2025-10,7,10
KE023,Turkana,2025-11,2,3
KE023,Turkana,2025-12,1,0
KE023,Turkana,2026-01,5,8
KE023,Turkana,2026-02,1,1
KE023,Turkana,2026-03,1,1
KE023,Turkana,2026-07,2,3
KE023,Turkana,2026-10,1,1
KE027,Uasin Gishu,2007-12,3,54
KE027,Uasin Gishu,2008-01,14,19
KE027,Uasin Gishu,2008-03,1,1
KE027,Uasin Gishu,2008-08,1,1
KE027,Uasin Gishu,2009-10,1,1
KE027,Uasin Gishu,2010-05,1,0
KE027,Uasin Gishu,2011-03,1,0
KE027,Uasin Gishu,2013-05,2,1
KE027,Uasin Gishu,2013-10,2,1
KE027,Uasin Gishu,2015-03,1,0
KE027,Uasin Gishu,2015-04,1,1
KE027,Uasin Gishu,2017-05,1,3
KE027,Uasin Gishu,2017-07,2,4
KE027,Uasin Gishu,2019-06,1,1
KE027,Uasin Gishu,2020-11,1,2
KE027,Uasin Gishu,2021-09,1,2
KE027,Uasin Gishu,2022-01,1,0
KE027,Uasin Gishu,2022-03,1,0
KE027,Uasin Gishu,2022-06,1,0
KE027,Uasin Gishu,2022-10,1,0
KE027,Uasin Gishu,2023-01,1,0
KE027,Uasin Gishu,2023-03,1,1
KE027,Uasin Gishu,2023-05,1,1
KE027,Uasin Gishu,2023-11,1,4
KE027,Uasin Gishu,2024-04,1,1
KE027,Uasin Gishu,2024-09,1,0
KE027,Uasin Gishu,2025-03,1,0
KE027,Uasin Gishu,2025-04,2,2
KE027,Uasin Gishu,2025-10,1,0
KE027,Uasin Gishu,2026-01,1,0
KE038,Vihiga,2007-12,1,1
KE038,Vihiga,2013-05,1,0
KE038,Vihiga,2017-10,1,0
KE038,Vihiga,2018-08,1,0
KE038,Vihiga,2020-03,1,1
KE038,Vihiga,2022-07,1,0
KE038,Vihiga,2022-12,1,1
KE038,Vihiga,2023-04,1,0
KE038,Vihiga,2023-12,1,1
KE038,Vihiga,2024-03,1,1
KE038,Vihiga,2024-09,1,0
KE038,Vihiga,2025-08,1,1
KE008,Wajir,2007-01,1,0
KE008,Wajir,2007-03,1,0
KE008,Wajir,2007-11,1,0
KE008,Wajir,2009-11,2,0
KE008,Wajir,2009-12,2,0
KE008,Wajir,2010-05,1,0
KE008,Wajir,2010-11,1,0
KE008,Wajir,2011-10,1,0
KE008,Wajir,2011-12,1,0
KE008,Wajir,2012-01,1,0
KE008,Wajir,2012-05,2,1
KE008,Wajir,2012-07,3,9
KE008,Wajir,2012-08,3,4
KE008,Wajir,2013-02,2,1
KE008,Wajir,2013-05,2,3
KE008,Wajir,2013-06,4,12
KE008,Wajir,2013-09,1,1
KE008,Wajir,2013-12,2,4
KE008,Wajir,2014-05,2,13
KE008,Wajir,2014-06,1,20
KE008,Wajir,2014-09,1,8
KE008,Wajir,2014-10,1,3
KE008,Wajir,2014-11,1,1
KE008,Wajir,2014-12,2,1
KE008,Wajir,2015-03,1,4
KE008,Wajir,2015-06,2,4
KE008,Wajir,2015-07,2,4
KE008,Wajir,2015-11,1,0
KE008,Wajir,2016-05,1,6
KE008,Wajir,2016-09,2,10
KE008,Wajir,2016-11,2,0
KE008,Wajir,2016-12,1,2
KE008,Wajir,2017-03,1,0
KE008,Wajir,2017-06,1,9
KE008,Wajir,2017-09,2,4
KE008,Wajir,2018-01,1,4
KE008,Wajir,2018-02,2,2
KE008,Wajir,2018-03,4,7
KE008,Wajir,2018-06,8,10
KE008,Wajir,2018-07,1,0
KE008,Wajir,2018-08,2,3
KE008,Wajir,2018-10,2,3
KE008,Wajir,2018-11,1,1
KE008,Wajir,2019-06,1,8
KE008,Wajir,2019-08,2,0
KE008,Wajir,2019-10,1,2
KE008,Wajir,2019-11,1,11
KE008,Wajir,2019-12,4,2
KE008,Wajir,2020-01,1,0
KE008,Wajir,2020-02,2,4
KE008,Wajir,2020-03,1,0
KE008,Wajir,2020-04,1,0
KE008,Wajir,2020-05,3,6
KE008,Wajir,2020-09,1,7
KE008,Wajir,2020-11,3,12
KE008,Wajir,2020-12,2,1
KE008,Wajir,2021-01,1,2
KE008,Wajir,2021-02,4,1
KE008,Wajir,2021-03,1,0
KE008,Wajir,2021-05,1,0
KE008,Wajir,2021-07,1,1
KE008,Wajir,2021-08,3,7
KE008,Wajir,2021-09,1,0
KE008,Wajir,2021-10,1,8
KE008,Wajir,2021-11,1,0
KE008,Wajir,2022-01,2,4
KE008,Wajir,2022-05,1,1
KE008,Wajir,2022-06,4,1
KE008,Wajir,2022-07,1,0
KE008,Wajir,2022-08,1,0
KE008,Wajir,2022-09,1,0
KE008,Wajir,2022-10,1,0
KE008,Wajir,2022-11,3,0
KE008,Wajir,2022-12,3,11
KE008,Wajir,2023-02,1,1
KE008,Wajir,2023-03,1,1
KE008,Wajir,2023-10,1,0
KE008,Wajir,2023-12,1,0
KE008,Wajir,2024-03,1,0
KE008,Wajir,2024-06,1,0
KE008,Wajir,2024-07,2,0
KE008,Wajir,2024-08,3,1
KE008,Wajir,2024-09,2,0
KE008,Wajir,2024-10,1,0
KE008,Wajir,2024-11,1,1
KE008,Wajir,2024-12,2,12
KE008,Wajir,2025-02,1,2
KE008,Wajir,2025-05,2,2
KE008,Wajir,2025-09,1,1
KE008,Wajir,2025-10,1,1
KE008,Wajir,2025-11,3,0
KE008,Wajir,2025-12,1,0
KE008,Wajir,2026-03,1,3
KE024,West Pokot,2006-07,1,1
KE024,West Pokot,2007-04,2,7
KE024,West Pokot,2007-05,4,16
KE024,West Pokot,2007-06,5,1
KE024,West Pokot,2007-07,4,14
KE024,West Pokot,2007-12,1,0
KE024,West Pokot,2008-03,1,0
KE024,West Pokot,2009-09,2,0
KE024,West Pokot,2010-10,1,0
KE024,West Pokot,2010-11,1,1
KE024,West Pokot,2013-01,1,1
KE024,West Pokot,2013-02,1,3
KE024,West Pokot,2013-04,1,1
KE024,West Pokot,2013-07,1,0
KE024,West Pokot,2013-09,1,0
KE024,West Pokot,2013-11,4,5
KE024,West Pokot,2014-09,1,1
KE024,West Pokot,2015-10,1,1
KE024,West Pokot,2016-09,1,6
KE024,West Pokot,2017-01,3,8
KE024,West Pokot,2017-12,1,3
KE024,West Pokot,2018-01,1,0
KE024,West Pokot,2018-06,2,6
KE024,West Pokot,2018-09,1,2
KE024,West Pokot,2018-10,1,2
KE024,West Pokot,2018-11,1,1
KE024,West Pokot,2019-02,2,3
KE024,West Pokot,2019-05,2,3
KE024,West Pokot,2019-09,1,0
KE024,West Pokot,2020-05,1,5
KE024,West Pokot,2020-06,1,0
KE024,West Pokot,2020-12,1,0
KE024,West Pokot,2021-08,1,3
KE024,West Pokot,2021-10,1,1
KE024,West Pokot,2021-11,1,0
KE024,West Pokot,2022-01,1,4
KE024,West Pokot,2022-05,2,2
KE024,West Pokot,2022-06,1,0
KE024,West Pokot,2022-07,1,1
KE024,West Pokot,2022-09,1,0
KE024,West Pokot,2022-11,1,0
KE024,West Pokot,2023-01,3,8
KE024,West Pokot,2023-03,4,2
KE024,West Pokot,2023-04,4,3
KE024,West Pokot,2023-05,3,2
KE024,West Pokot,2023-06,5,5
KE024,West Pokot,2023-07,1,1
KE024,West Pokot,2023-08,2,0
KE024,West Pokot,2023-09,2,3
KE024,West Pokot,2023-10,1,2
KE024,West Pokot,2023-11,6,11
KE024,West Pokot,2023-12,4,4
KE024,West Pokot,2024-01,2,1
KE024,West Pokot,2024-02,3,0
KE024,West Pokot,2024-03,2,1
KE024,West Pokot,2024-04,1,1
KE024,West Pokot,2024-05,1,1
KE024,West Pokot,2024-06,1,0
KE024,West Pokot,2024-07,2,2
KE024,West Pokot,2024-11,1,1
KE024,West Pokot,2024-12,1,0
KE024,West Pokot,2025-01,2,1
KE024,West Pokot,2025-04,1,2
KE024,West Pokot,2025-08,2,2
KE024,West Pokot,2025-10,1,3
KE024,West Pokot,2025-11,1,1
KE024,West Pokot,2025-12,2,4
KE024,West Pokot,2026-07,1,0
