pcode,county,year_month,ipc_phase,population_in_phase,population_fraction_in_phase
KE030,Baringo,2019-07,1,246294,0.35
KE030,Baringo,2019-07,2,351849,0.5
KE030,Baringo,2019-07,3,70370,0.1
KE030,Baringo,2019-07,3+,105555,0.15
KE030,Baringo,2019-07,4,35185,0.05
KE030,Baringo,2019-07,5,0,0.0
KE030,Baringo,2019-07,all,703697,1.0
KE030,Baringo,2020-02,1,466748,0.7
KE030,Baringo,2020-02,2,166696,0.25
KE030,Baringo,2020-02,3,33339,0.05
KE030,Baringo,2020-02,3+,33339,0.05
KE030,Baringo,2020-02,4,0,0.0
KE030,Baringo,2020-02,5,0,0.0
KE030,Baringo,2020-02,all,666783,1.0
KE030,Baringo,2020-08,1,533426,0.8
KE030,Baringo,2020-08,2,100017,0.15
KE030,Baringo,2020-08,3,33339,0.05
KE030,Baringo,2020-08,3+,33339,0.05
KE030,Baringo,2020-08,4,0,0.0
KE030,Baringo,2020-08,5,0,0.0
KE030,Baringo,2020-08,all,666783,1.0
KE030,Baringo,2021-02,1,400070,0.6
KE030,Baringo,2021-02,2,200035,0.3
KE030,Baringo,2021-02,3,66678,0.1
KE030,Baringo,2021-02,3+,66678,0.1
KE030,Baringo,2021-02,4,0,0.0
KE030,Baringo,2021-02,5,0,0.0
KE030,Baringo,2021-02,all,666783,1.0
KE030,Baringo,2021-07,1,333392,0.5
KE030,Baringo,2021-07,2,200035,0.3
KE030,Baringo,2021-07,3,100017,0.15
KE030,Baringo,2021-07,3+,133356,0.2
KE030,Baringo,2021-07,4,33339,0.05
KE030,Baringo,2021-07,5,0,0.0
KE030,Baringo,2021-07,all,666783,1.0
KE030,Baringo,2022-02,1,200035,0.3
KE030,Baringo,2022-02,2,233374,0.35
KE030,Baringo,2022-02,3,200035,0.3
KE030,Baringo,2022-02,3+,233374,0.35
KE030,Baringo,2022-02,4,33339,0.05
KE030,Baringo,2022-02,5,0,0.0
KE030,Baringo,2022-02,all,666783,1.0
KE030,Baringo,2022-07,1,104752,0.3
KE030,Baringo,2022-07,2,104752,0.3
KE030,Baringo,2022-07,3,122211,0.35
KE030,Baringo,2022-07,3+,139670,0.4
KE030,Baringo,2022-07,4,17459,0.05
KE030,Baringo,2022-07,5,0,0.0
KE030,Baringo,2022-07,all,349173,1.0
KE030,Baringo,2023-02,1,293333,0.4
KE030,Baringo,2023-02,2,220000,0.3
KE030,Baringo,2023-02,3,220000,0.3
KE030,Baringo,2023-02,3+,220000,0.3
KE030,Baringo,2023-02,4,0,0.0
KE030,Baringo,2023-02,5,0,0.0
KE030,Baringo,2023-02,all,733333,1.0
KE030,Baringo,2023-07,1,366500,0.5
KE030,Baringo,2023-07,2,256550,0.35
KE030,Baringo,2023-07,3,73300,0.1
KE030,Baringo,2023-07,3+,109950,0.15
KE030,Baringo,2023-07,4,36650,0.05
KE030,Baringo,2023-07,5,0,0.0
KE030,Baringo,2023-07,all,733000,1.0
KE030,Baringo,2024-02,1,439800,0.6
KE030,Baringo,2024-02,2,219900,0.3
KE030,Baringo,2024-02,3,73300,0.1
KE030,Baringo,2024-02,3+,73300,0.1
KE030,Baringo,2024-02,4,0,0.0
KE030,Baringo,2024-02,5,0,0.0
KE030,Baringo,2024-02,all,733000,1.0
KE030,Baringo,2024-07,1,586400,0.8
KE030,Baringo,2024-07,2,109950,0.15
KE030,Baringo,2024-07,3,36650,0.05
KE030,Baringo,2024-07,3+,36650,0.05
KE030,Baringo,2024-07,4,0,0.0
KE030,Baringo,2024-07,5,0,0.0
KE030,Baringo,2024-07,all,733000,1.0
KE030,Baringo,2025-02,1,293200,0.4
KE030,Baringo,2025-02,2,366500,0.5
KE030,Baringo,2025-02,3,73300,0.1
KE030,Baringo,2025-02,3+,73300,0.1
KE030,Baringo,2025-02,4,0,0.0
KE030,Baringo,2025-02,5,0,0.0
KE030,Baringo,2025-02,all,733000,1.0
KE030,Baringo,2025-07,1,219900,0.3
KE030,Baringo,2025-07,2,403150,0.55
KE030,Baringo,2025-07,3,73300,0.1
KE030,Baringo,2025-07,3+,109950,0.15
KE030,Baringo,2025-07,4,36650,0.05
KE030,Baringo,2025-07,5,0,0.0
KE030,Baringo,2025-07,all,733000,1.0
KE028,Elgeyo-Marakwet,2023-02,1,0,0.0
KE028,Elgeyo-Marakwet,2023-02,2,0,0.0
KE028,Elgeyo-Marakwet,2023-02,3,0,0.0
KE028,Elgeyo-Marakwet,2023-02,3+,0,0.0
KE028,Elgeyo-Marakwet,2023-02,4,0,0.0
KE028,Elgeyo-Marakwet,2023-02,5,0,0.0
KE028,Elgeyo-Marakwet,2023-02,all,495239,1.0
KE014,Embu,2019-07,1,65766,0.3
KE014,Embu,2019-07,2,120571,0.55
KE014,Embu,2019-07,3,32883,0.15
KE014,Embu,2019-07,3+,32883,0.15
KE014,Embu,2019-07,4,0,0.0
KE014,Embu,2019-07,5,0,0.0
KE014,Embu,2019-07,all,219220,1.0
KE014,Embu,2020-02,1,231503,0.85
KE014,Embu,2020-02,2,40854,0.15
KE014,Embu,2020-02,3,0,0.0
KE014,Embu,2020-02,3+,0,0.0
KE014,Embu,2020-02,4,0,0.0
KE014,Embu,2020-02,5,0,0.0
KE014,Embu,2020-02,all,272357,1.0
KE014,Embu,2020-08,1,163414,0.6
KE014,Embu,2020-08,2,108943,0.4
KE014,Embu,2020-08,3,0,0.0
KE014,Embu,2020-08,3+,0,0.0
KE014,Embu,2020-08,4,0,0.0
KE014,Embu,2020-08,5,0,0.0
KE014,Embu,2020-08,all,272357,1.0
KE014,Embu,2021-02,1,122561,0.45
KE014,Embu,2021-02,2,149796,0.55
KE014,Embu,2021-02,3,0,0.0
KE014,Embu,2021-02,3+,0,0.0
KE014,Embu,2021-02,4,0,0.0
KE014,Embu,2021-02,5,0,0.0
KE014,Embu,2021-02,all,272357,1.0
KE014,Embu,2021-07,1,190650,0.7
KE014,Embu,2021-07,2,54471,0.2
KE014,Embu,2021-07,3,27236,0.1
KE014,Embu,2021-07,3+,27236,0.1
KE014,Embu,2021-07,4,0,0.0
KE014,Embu,2021-07,5,0,0.0
KE014,Embu,2021-07,all,272357,1.0
KE014,Embu,2022-02,1,204268,0.75
KE014,Embu,2022-02,2,54471,0.2
KE014,Embu,2022-02,3,13618,0.05
KE014,Embu,2022-02,3+,13618,0.05
KE014,Embu,2022-02,4,0,0.0
KE014,Embu,2022-02,5,0,0.0
KE014,Embu,2022-02,all,272357,1.0
KE014,Embu,2022-07,1,136179,0.5
KE014,Embu,2022-07,2,95325,0.35
KE014,Embu,2022-07,3,27236,0.1
KE014,Embu,2022-07,3+,40854,0.15
KE014,Embu,2022-07,4,13618,0.05
KE014,Embu,2022-07,5,0,0.0
KE014,Embu,2022-07,all,272357,1.0
KE014,Embu,2023-02,1,112392,0.4
KE014,Embu,2023-02,2,140490,0.5
KE014,Embu,2023-02,3,28098,0.1
KE014,Embu,2023-02,3+,28098,0.1
KE014,Embu,2023-02,4,0,0.0
KE014,Embu,2023-02,5,0,0.0
KE014,Embu,2023-02,all,280979,1.0
KE014,Embu,2023-07,1,196700,0.7
KE014,Embu,2023-07,2,70250,0.25
KE014,Embu,2023-07,3,14050,0.05
KE014,Embu,2023-07,3+,14050,0.05
KE014,Embu,2023-07,4,0,0.0
KE014,Embu,2023-07,5,0,0.0
KE014,Embu,2023-07,all,281000,1.0
KE014,Embu,2024-02,1,210750,0.75
KE014,Embu,2024-02,2,56200,0.2
KE014,Embu,2024-02,3,14050,0.05
KE014,Embu,2024-02,3+,14050,0.05
KE014,Embu,2024-02,4,0,0.0
KE014,Embu,2024-02,5,0,0.0
KE014,Embu,2024-02,all,281000,1.0
KE014,Embu,2024-07,1,182650,0.65
KE014,Embu,2024-07,2,98350,0.35
KE014,Embu,2024-07,3,0,0.0
KE014,Embu,2024-07,3+,0,0.0
KE014,Embu,2024-07,4,0,0.0
KE014,Embu,2024-07,5,0,0.0
KE014,Embu,2024-07,all,281000,1.0
KE014,Embu,2025-02,1,154550,0.55
KE014,Embu,2025-02,2,112400,0.4
KE014,Embu,2025-02,3,14050,0.05
KE014,Embu,2025-02,3+,14050,0.05
KE014,Embu,2025-02,4,0,0.0
KE014,Embu,2025-02,5,0,0.0
KE014,Embu,2025-02,all,281000,1.0
KE014,Embu,2025-07,1,168600,0.6
KE014,Embu,2025-07,2,98350,0.35
KE014,Embu,2025-07,3,14050,0.05
KE014,Embu,2025-07,3+,14050,0.05
KE014,Embu,2025-07,4,0,0.0
KE014,Embu,2025-07,5,0,0.0
KE014,Embu,2025-07,all,281000,1.0
KE007,Garissa,2019-07,1,107988,0.25
KE007,Garissa,2019-07,2,172780,0.4
KE007,Garissa,2019-07,3,129585,0.3
KE007,Garissa,2019-07,3+,151183,0.35
KE007,Garissa,2019-07,4,21598,0.05
KE007,Garissa,2019-07,5,0,0.0
KE007,Garissa,2019-07,all,431950,1.0
KE007,Garissa,2020-02,1,462744,0.55
KE007,Garissa,2020-02,2,294474,0.35
KE007,Garissa,2020-02,3,84135,0.1
KE007,Garissa,2020-02,3+,84135,0.1
KE007,Garissa,2020-02,4,0,0.0
KE007,Garissa,2020-02,5,0,0.0
KE007,Garissa,2020-02,all,841353,1.0
KE007,Garissa,2020-08,1,420677,0.5
KE007,Garissa,2020-08,2,336541,0.4
KE007,Garissa,2020-08,3,84135,0.1
KE007,Garissa,2020-08,3+,84135,0.1
KE007,Garissa,2020-08,4,0,0.0
KE007,Garissa,2020-08,5,0,0.0
KE007,Garissa,2020-08,all,841353,1.0
KE007,Garissa,2021-02,1,336541,0.4
KE007,Garissa,2021-02,2,378609,0.45
KE007,Garissa,2021-02,3,84135,0.1
KE007,Garissa,2021-02,3+,126203,0.15
KE007,Garissa,2021-02,4,42068,0.05
KE007,Garissa,2021-02,5,0,0.0
KE007,Garissa,2021-02,all,841353,1.0
KE007,Garissa,2021-07,1,294474,0.35
KE007,Garissa,2021-07,2,378609,0.45
KE007,Garissa,2021-07,3,126203,0.15
KE007,Garissa,2021-07,3+,168271,0.2
KE007,Garissa,2021-07,4,42068,0.05
KE007,Garissa,2021-07,5,0,0.0
KE007,Garissa,2021-07,all,841353,1.0
KE007,Garissa,2022-02,1,378609,0.45
KE007,Garissa,2022-02,2,252406,0.3
KE007,Garissa,2022-02,3,168271,0.2
KE007,Garissa,2022-02,3+,210339,0.25
KE007,Garissa,2022-02,4,42068,0.05
KE007,Garissa,2022-02,5,0,0.0
KE007,Garissa,2022-02,all,841353,1.0
KE007,Garissa,2022-07,1,252406,0.3
KE007,Garissa,2022-07,2,210338,0.25
KE007,Garissa,2022-07,3,252406,0.3
KE007,Garissa,2022-07,3+,378609,0.45
KE007,Garissa,2022-07,4,126203,0.15
KE007,Garissa,2022-07,5,0,0.0
KE007,Garissa,2022-07,all,841353,1.0
KE007,Garissa,2023-02,1,231758,0.25
KE007,Garissa,2023-02,2,185406,0.2
KE007,Garissa,2023-02,3,370812,0.4
KE007,Garissa,2023-02,3+,509867,0.55
KE007,Garissa,2023-02,4,139055,0.15
KE007,Garissa,2023-02,5,0,0.0
KE007,Garissa,2023-02,all,927031,1.0
KE007,Garissa,2023-07,1,231750,0.25
KE007,Garissa,2023-07,2,370800,0.4
KE007,Garissa,2023-07,3,231750,0.25
KE007,Garissa,2023-07,3+,324450,0.35
KE007,Garissa,2023-07,4,92700,0.1
KE007,Garissa,2023-07,5,0,0.0
KE007,Garissa,2023-07,all,927000,1.0
KE007,Garissa,2024-02,1,324450,0.35
KE007,Garissa,2024-02,2,417150,0.45
KE007,Garissa,2024-02,3,185400,0.2
KE007,Garissa,2024-02,3+,185400,0.2
KE007,Garissa,2024-02,4,0,0.0
KE007,Garissa,2024-02,5,0,0.0
KE007,Garissa,2024-02,all,927000,1.0
KE007,Garissa,2024-07,1,324450,0.35
KE007,Garissa,2024-07,2,509850,0.55
KE007,Garissa,2024-07,3,92700,0.1
KE007,Garissa,2024-07,3+,92700,0.1
KE007,Garissa,2024-07,4,0,0.0
KE007,Garissa,2024-07,5,0,0.0
KE007,Garissa,2024-07,all,927000,1.0
KE007,Garissa,2025-02,1,509850,0.55
KE007,Garissa,2025-02,2,231750,0.25
KE007,Garissa,2025-02,3,139050,0.15
KE007,Garissa,2025-02,3+,185400,0.2
KE007,Garissa,2025-02,4,46350,0.05
KE007,Garissa,2025-02,5,0,0.0
KE007,Garissa,2025-02,all,927000,1.0
KE007,Garissa,2025-07,1,417150,0.45
KE007,Garissa,2025-07,2,370800,0.4
KE007,Garissa,2025-07,3,139050,0.15
KE007,Garissa,2025-07,3+,139050,0.15
KE007,Garissa,2025-07,4,0,0.0
KE007,Garissa,2025-07,5,0,0.0
KE007,Garissa,2025-07,all,927000,1.0
KE043,Homa Bay,2023-02,1,0,0.0
KE043,Homa Bay,2023-02,2,0,0.0
KE043,Homa Bay,2023-02,3,0,0.0
KE043,Homa Bay,2023-02,3+,0,0.0
KE043,Homa Bay,2023-02,4,0,0.0
KE043,Homa Bay,2023-02,5,0,0.0
KE043,Homa Bay,2023-02,all,1231659,1.0
KE011,Isiolo,2019-07,1,31093,0.2
KE011,Isiolo,2019-07,2,69959,0.45
KE011,Isiolo,2019-07,3,46640,0.3
KE011,Isiolo,2019-07,3+,54413,0.35
KE011,Isiolo,2019-07,4,7773,0.05
KE011,Isiolo,2019-07,5,0,0.0
KE011,Isiolo,2019-07,all,155465,1.0
KE011,Isiolo,2020-02,1,134001,0.5
KE011,Isiolo,2020-02,2,93801,0.35
KE011,Isiolo,2020-02,3,26800,0.1
KE011,Isiolo,2020-02,3+,40200,0.15
KE011,Isiolo,2020-02,4,13400,0.05
KE011,Isiolo,2020-02,5,0,0.0
KE011,Isiolo,2020-02,all,268002,1.0
KE011,Isiolo,2020-08,1,134001,0.5
KE011,Isiolo,2020-08,2,107201,0.4
KE011,Isiolo,2020-08,3,26800,0.1
KE011,Isiolo,2020-08,3+,26800,0.1
KE011,Isiolo,2020-08,4,0,0.0
KE011,Isiolo,2020-08,5,0,0.0
KE011,Isiolo,2020-08,all,268002,1.0
KE011,Isiolo,2021-02,1,80401,0.3
KE011,Isiolo,2021-02,2,147401,0.55
KE011,Isiolo,2021-02,3,26800,0.1
KE011,Isiolo,2021-02,3+,40200,0.15
KE011,Isiolo,2021-02,4,13400,0.05
KE011,Isiolo,2021-02,5,0,0.0
KE011,Isiolo,2021-02,all,268002,1.0
KE011,Isiolo,2021-07,1,67001,0.25
KE011,Isiolo,2021-07,2,93801,0.35
KE011,Isiolo,2021-07,3,80401,0.3
KE011,Isiolo,2021-07,3+,107201,0.4
KE011,Isiolo,2021-07,4,26800,0.1
KE011,Isiolo,2021-07,5,0,0.0
KE011,Isiolo,2021-07,all,268002,1.0
KE011,Isiolo,2022-02,1,67001,0.25
KE011,Isiolo,2022-02,2,120601,0.45
KE011,Isiolo,2022-02,3,67001,0.25
KE011,Isiolo,2022-02,3+,80401,0.3
KE011,Isiolo,2022-02,4,13400,0.05
KE011,Isiolo,2022-02,5,0,0.0
KE011,Isiolo,2022-02,all,268002,1.0
KE011,Isiolo,2022-07,1,53600,0.2
KE011,Isiolo,2022-07,2,80401,0.3
KE011,Isiolo,2022-07,3,93801,0.35
KE011,Isiolo,2022-07,3+,134001,0.5
KE011,Isiolo,2022-07,4,40200,0.15
KE011,Isiolo,2022-07,5,0,0.0
KE011,Isiolo,2022-07,all,268002,1.0
KE011,Isiolo,2023-02,1,63187,0.2
KE011,Isiolo,2023-02,2,142172,0.45
KE011,Isiolo,2023-02,3,94781,0.3
KE011,Isiolo,2023-02,3+,110578,0.35
KE011,Isiolo,2023-02,4,15797,0.05
KE011,Isiolo,2023-02,5,0,0.0
KE011,Isiolo,2023-02,all,315937,1.0
KE011,Isiolo,2023-07,1,94800,0.3
KE011,Isiolo,2023-07,2,142200,0.45
KE011,Isiolo,2023-07,3,63200,0.2
KE011,Isiolo,2023-07,3+,79000,0.25
KE011,Isiolo,2023-07,4,15800,0.05
KE011,Isiolo,2023-07,5,0,0.0
KE011,Isiolo,2023-07,all,316000,1.0
KE011,Isiolo,2024-02,1,110600,0.35
KE011,Isiolo,2024-02,2,142200,0.45
KE011,Isiolo,2024-02,3,47400,0.15
KE011,Isiolo,2024-02,3+,63200,0.2
KE011,Isiolo,2024-02,4,15800,0.05
KE011,Isiolo,2024-02,5,0,0.0
KE011,Isiolo,2024-02,all,316000,1.0
KE011,Isiolo,2024-07,1,126400,0.4
KE011,Isiolo,2024-07,2,173800,0.55
KE011,Isiolo,2024-07,3,15800,0.05
KE011,Isiolo,2024-07,3+,15800,0.05
KE011,Isiolo,2024-07,4,0,0.0
KE011,Isiolo,2024-07,5,0,0.0
KE011,Isiolo,2024-07,all,316000,1.0
KE011,Isiolo,2025-02,1,110600,0.35
KE011,Isiolo,2025-02,2,158000,0.5
KE011,Isiolo,2025-02,3,47400,0.15
KE011,Isiolo,2025-02,3+,47400,0.15
KE011,Isiolo,2025-02,4,0,0.0
KE011,Isiolo,2025-02,5,0,0.0
KE011,Isiolo,2025-02,all,316000,1.0
KE011,Isiolo,2025-07,1,158000,0.5
KE011,Isiolo,2025-07,2,126400,0.4
KE011,Isiolo,2025-07,3,31600,0.1
KE011,Isiolo,2025-07,3+,31600,0.1
KE011,Isiolo,2025-07,4,0,0.0
KE011,Isiolo,2025-07,5,0,0.0
KE011,Isiolo,2025-07,all,316000,1.0
KE034,Kajiado,2019-07,1,522433,0.6
KE034,Kajiado,2019-07,2,304752,0.35
KE034,Kajiado,2019-07,3,43536,0.05
KE034,Kajiado,2019-07,3+,43536,0.05
KE034,Kajiado,2019-07,4,0,0.0
KE034,Kajiado,2019-07,5,0,0.0
KE034,Kajiado,2019-07,all,870721,1.0
KE034,Kajiado,2020-02,1,614812,0.55
KE034,Kajiado,2020-02,2,447136,0.4
KE034,Kajiado,2020-02,3,55892,0.05
KE034,Kajiado,2020-02,3+,55892,0.05
KE034,Kajiado,2020-02,4,0,0.0
KE034,Kajiado,2020-02,5,0,0.0
KE034,Kajiado,2020-02,all,1117840,1.0
KE034,Kajiado,2020-08,1,670704,0.6
KE034,Kajiado,2020-08,2,447136,0.4
KE034,Kajiado,2020-08,3,0,0.0
KE034,Kajiado,2020-08,3+,0,0.0
KE034,Kajiado,2020-08,4,0,0.0
KE034,Kajiado,2020-08,5,0,0.0
KE034,Kajiado,2020-08,all,1117840,1.0
KE034,Kajiado,2021-02,1,726596,0.65
KE034,Kajiado,2021-02,2,335352,0.3
KE034,Kajiado,2021-02,3,55892,0.05
KE034,Kajiado,2021-02,3+,55892,0.05
KE034,Kajiado,2021-02,4,0,0.0
KE034,Kajiado,2021-02,5,0,0.0
KE034,Kajiado,2021-02,all,1117840,1.0
KE034,Kajiado,2021-07,1,614812,0.55
KE034,Kajiado,2021-07,2,447136,0.4
KE034,Kajiado,2021-07,3,55892,0.05
KE034,Kajiado,2021-07,3+,55892,0.05
KE034,Kajiado,2021-07,4,0,0.0
KE034,Kajiado,2021-07,5,0,0.0
KE034,Kajiado,2021-07,all,1117840,1.0
KE034,Kajiado,2022-02,1,614812,0.55
KE034,Kajiado,2022-02,2,391244,0.35
KE034,Kajiado,2022-02,3,111784,0.1
KE034,Kajiado,2022-02,3+,111784,0.1
KE034,Kajiado,2022-02,4,0,0.0
KE034,Kajiado,2022-02,5,0,0.0
KE034,Kajiado,2022-02,all,1117840,1.0
KE034,Kajiado,2022-07,1,726596,0.65
KE034,Kajiado,2022-07,2,335352,0.3
KE034,Kajiado,2022-07,3,55892,0.05
KE034,Kajiado,2022-07,3+,55892,0.05
KE034,Kajiado,2022-07,4,0,0.0
KE034,Kajiado,2022-07,5,0,0.0
KE034,Kajiado,2022-07,all,1117840,1.0
KE034,Kajiado,2023-02,1,380478,0.3
KE034,Kajiado,2023-02,2,697544,0.55
KE034,Kajiado,2023-02,3,190239,0.15
KE034,Kajiado,2023-02,3+,190239,0.15
KE034,Kajiado,2023-02,4,0,0.0
KE034,Kajiado,2023-02,5,0,0.0
KE034,Kajiado,2023-02,all,1268261,1.0
KE034,Kajiado,2023-07,1,507200,0.4
KE034,Kajiado,2023-07,2,634000,0.5
KE034,Kajiado,2023-07,3,126800,0.1
KE034,Kajiado,2023-07,3+,126800,0.1
KE034,Kajiado,2023-07,4,0,0.0
KE034,Kajiado,2023-07,5,0,0.0
KE034,Kajiado,2023-07,all,1268000,1.0
KE034,Kajiado,2024-02,1,760800,0.6
KE034,Kajiado,2024-02,2,443800,0.35
KE034,Kajiado,2024-02,3,63400,0.05
KE034,Kajiado,2024-02,3+,63400,0.05
KE034,Kajiado,2024-02,4,0,0.0
KE034,Kajiado,2024-02,5,0,0.0
KE034,Kajiado,2024-02,all,1268000,1.0
KE034,Kajiado,2024-07,1,887600,0.7
KE034,Kajiado,2024-07,2,380400,0.3
KE034,Kajiado,2024-07,3,0,0.0
KE034,Kajiado,2024-07,3+,0,0.0
KE034,Kajiado,2024-07,4,0,0.0
KE034,Kajiado,2024-07,5,0,0.0
KE034,Kajiado,2024-07,all,1268000,1.0
KE034,Kajiado,2025-02,1,760800,0.6
KE034,Kajiado,2025-02,2,443800,0.35
KE034,Kajiado,2025-02,3,63400,0.05
KE034,Kajiado,2025-02,3+,63400,0.05
KE034,Kajiado,2025-02,4,0,0.0
KE034,Kajiado,2025-02,5,0,0.0
KE034,Kajiado,2025-02,all,1268000,1.0
KE034,Kajiado,2025-07,1,760800,0.6
KE034,Kajiado,2025-07,2,443800,0.35
KE034,Kajiado,2025-07,3,63400,0.05
KE034,Kajiado,2025-07,3+,63400,0.05
KE034,Kajiado,2025-07,4,0,0.0
KE034,Kajiado,2025-07,5,0,0.0
KE034,Kajiado,2025-07,all,1268000,1.0
KE022,Kiambu,2023-02,1,0,0.0
KE022,Kiambu,2023-02,2,0,0.0
KE022,Kiambu,2023-02,3,0,0.0
KE022,Kiambu,2023-02,3+,0,0.0
KE022,Kiambu,2023-02,4,0,0.0
KE022,Kiambu,2023-02,5,0,0.0
KE022,Kiambu,2023-02,all,141599,1.0
KE003,Kilifi,2019-07,1,559990,0.4
KE003,Kilifi,2019-07,2,629989,0.45
KE003,Kilifi,2019-07,3,209996,0.15
KE003,Kilifi,2019-07,3+,209996,0.15
KE003,Kilifi,2019-07,4,0,0.0
KE003,Kilifi,2019-07,5,0,0.0
KE003,Kilifi,2019-07,all,1399975,1.0
KE003,Kilifi,2020-02,1,944962,0.65
KE003,Kilifi,2020-02,2,290757,0.2
KE003,Kilifi,2020-02,3,145379,0.1
KE003,Kilifi,2020-02,3+,218068,0.15
KE003,Kilifi,2020-02,4,72689,0.05
KE003,Kilifi,2020-02,5,0,0.0
KE003,Kilifi,2020-02,all,1453787,1.0
KE003,Kilifi,2020-08,1,1017651,0.7
KE003,Kilifi,2020-08,2,363447,0.25
KE003,Kilifi,2020-08,3,72689,0.05
KE003,Kilifi,2020-08,3+,72689,0.05
KE003,Kilifi,2020-08,4,0,0.0
KE003,Kilifi,2020-08,5,0,0.0
KE003,Kilifi,2020-08,all,1453787,1.0
KE003,Kilifi,2021-02,1,654204,0.45
KE003,Kilifi,2021-02,2,654204,0.45
KE003,Kilifi,2021-02,3,145379,0.1
KE003,Kilifi,2021-02,3+,145379,0.1
KE003,Kilifi,2021-02,4,0,0.0
KE003,Kilifi,2021-02,5,0,0.0
KE003,Kilifi,2021-02,all,1453787,1.0
KE003,Kilifi,2021-07,1,726894,0.5
KE003,Kilifi,2021-07,2,581515,0.4
KE003,Kilifi,2021-07,3,145379,0.1
KE003,Kilifi,2021-07,3+,145379,0.1
KE003,Kilifi,2021-07,4,0,0.0
KE003,Kilifi,2021-07,5,0,0.0
KE003,Kilifi,2021-07,all,1453787,1.0
KE003,Kilifi,2022-02,1,726894,0.5
KE003,Kilifi,2022-02,2,508825,0.35
KE003,Kilifi,2022-02,3,218068,0.15
KE003,Kilifi,2022-02,3+,218068,0.15
KE003,Kilifi,2022-02,4,0,0.0
KE003,Kilifi,2022-02,5,0,0.0
KE003,Kilifi,2022-02,all,1453787,1.0
KE003,Kilifi,2022-07,1,872272,0.6
KE003,Kilifi,2022-07,2,508825,0.35
KE003,Kilifi,2022-07,3,72689,0.05
KE003,Kilifi,2022-07,3+,72689,0.05
KE003,Kilifi,2022-07,4,0,0.0
KE003,Kilifi,2022-07,5,0,0.0
KE003,Kilifi,2022-07,all,1453787,1.0
KE003,Kilifi,2023-02,1,709801,0.45
KE003,Kilifi,2023-02,2,788668,0.5
KE003,Kilifi,2023-02,3,78867,0.05
KE003,Kilifi,2023-02,3+,78867,0.05
KE003,Kilifi,2023-02,4,0,0.0
KE003,Kilifi,2023-02,5,0,0.0
KE003,Kilifi,2023-02,all,1577335,1.0
KE003,Kilifi,2023-07,1,1103900,0.7
KE003,Kilifi,2023-07,2,394250,0.25
KE003,Kilifi,2023-07,3,78850,0.05
KE003,Kilifi,2023-07,3+,78850,0.05
KE003,Kilifi,2023-07,4,0,0.0
KE003,Kilifi,2023-07,5,0,0.0
KE003,Kilifi,2023-07,all,1577000,1.0
KE003,Kilifi,2024-02,1,867350,0.55
KE003,Kilifi,2024-02,2,551950,0.35
KE003,Kilifi,2024-02,3,157700,0.1
KE003,Kilifi,2024-02,3+,157700,0.1
KE003,Kilifi,2024-02,4,0,0.0
KE003,Kilifi,2024-02,5,0,0.0
KE003,Kilifi,2024-02,all,1577000,1.0
KE003,Kilifi,2024-07,1,788500,0.5
KE003,Kilifi,2024-07,2,709650,0.45
KE003,Kilifi,2024-07,3,78850,0.05
KE003,Kilifi,2024-07,3+,78850,0.05
KE003,Kilifi,2024-07,4,0,0.0
KE003,Kilifi,2024-07,5,0,0.0
KE003,Kilifi,2024-07,all,1577000,1.0
KE003,Kilifi,2025-02,1,630800,0.4
KE003,Kilifi,2025-02,2,788500,0.5
KE003,Kilifi,2025-02,3,157700,0.1
KE003,Kilifi,2025-02,3+,157700,0.1
KE003,Kilifi,2025-02,4,0,0.0
KE003,Kilifi,2025-02,5,0,0.0
KE003,Kilifi,2025-02,all,1577000,1.0
KE003,Kilifi,2025-07,1,1182750,0.75
KE003,Kilifi,2025-07,2,315400,0.2
KE003,Kilifi,2025-07,3,78850,0.05
KE003,Kilifi,2025-07,3+,78850,0.05
KE003,Kilifi,2025-07,4,0,0.0
KE003,Kilifi,2025-07,5,0,0.0
KE003,Kilifi,2025-07,all,1577000,1.0
KE015,Kitui,2019-07,1,219537,0.2
KE015,Kitui,2019-07,2,658612,0.6
KE015,Kitui,2019-07,3,219537,0.2
KE015,Kitui,2019-07,3+,219537,0.2
KE015,Kitui,2019-07,4,0,0.0
KE015,Kitui,2019-07,5,0,0.0
KE015,Kitui,2019-07,all,1097687,1.0
KE015,Kitui,2020-02,1,965759,0.85
KE015,Kitui,2020-02,2,113619,0.1
KE015,Kitui,2020-02,3,56809,0.05
KE015,Kitui,2020-02,3+,56809,0.05
KE015,Kitui,2020-02,4,0,0.0
KE015,Kitui,2020-02,5,0,0.0
KE015,Kitui,2020-02,all,1136187,1.0
KE015,Kitui,2020-08,1,852140,0.75
KE015,Kitui,2020-08,2,284047,0.25
KE015,Kitui,2020-08,3,0,0.0
KE015,Kitui,2020-08,3+,0,0.0
KE015,Kitui,2020-08,4,0,0.0
KE015,Kitui,2020-08,5,0,0.0
KE015,Kitui,2020-08,all,1136187,1.0
KE015,Kitui,2021-02,1,852140,0.75
KE015,Kitui,2021-02,2,227237,0.2
KE015,Kitui,2021-02,3,56809,0.05
KE015,Kitui,2021-02,3+,56809,0.05
KE015,Kitui,2021-02,4,0,0.0
KE015,Kitui,2021-02,5,0,0.0
KE015,Kitui,2021-02,all,1136187,1.0
KE015,Kitui,2021-07,1,568094,0.5
KE015,Kitui,2021-07,2,454475,0.4
KE015,Kitui,2021-07,3,113619,0.1
KE015,Kitui,2021-07,3+,113619,0.1
KE015,Kitui,2021-07,4,0,0.0
KE015,Kitui,2021-07,5,0,0.0
KE015,Kitui,2021-07,all,1136187,1.0
KE015,Kitui,2022-02,1,624903,0.55
KE015,Kitui,2022-02,2,284047,0.25
KE015,Kitui,2022-02,3,170428,0.15
KE015,Kitui,2022-02,3+,227237,0.2
KE015,Kitui,2022-02,4,56809,0.05
KE015,Kitui,2022-02,5,0,0.0
KE015,Kitui,2022-02,all,1136187,1.0
KE015,Kitui,2022-07,1,568094,0.5
KE015,Kitui,2022-07,2,284047,0.25
KE015,Kitui,2022-07,3,227237,0.2
KE015,Kitui,2022-07,3+,284046,0.25
KE015,Kitui,2022-07,4,56809,0.05
KE015,Kitui,2022-07,5,0,0.0
KE015,Kitui,2022-07,all,1136187,1.0
KE015,Kitui,2023-02,1,614895,0.5
KE015,Kitui,2023-02,2,307448,0.25
KE015,Kitui,2023-02,3,245958,0.2
KE015,Kitui,2023-02,3+,307448,0.25
KE015,Kitui,2023-02,4,61490,0.05
KE015,Kitui,2023-02,5,0,0.0
KE015,Kitui,2023-02,all,1229790,1.0
KE015,Kitui,2023-07,1,676500,0.55
KE015,Kitui,2023-07,2,369000,0.3
KE015,Kitui,2023-07,3,184500,0.15
KE015,Kitui,2023-07,3+,184500,0.15
KE015,Kitui,2023-07,4,0,0.0
KE015,Kitui,2023-07,5,0,0.0
KE015,Kitui,2023-07,all,1230000,1.0
KE015,Kitui,2024-02,1,984000,0.8
KE015,Kitui,2024-02,2,246000,0.2
KE015,Kitui,2024-02,3,0,0.0
KE015,Kitui,2024-02,3+,0,0.0
KE015,Kitui,2024-02,4,0,0.0
KE015,Kitui,2024-02,5,0,0.0
KE015,Kitui,2024-02,all,1230000,1.0
KE015,Kitui,2024-07,1,922500,0.75
KE015,Kitui,2024-07,2,307500,0.25
KE015,Kitui,2024-07,3,0,0.0
KE015,Kitui,2024-07,3+,0,0.0
KE015,Kitui,2024-07,4,0,0.0
KE015,Kitui,2024-07,5,0,0.0
KE015,Kitui,2024-07,all,1230000,1.0
KE015,Kitui,2025-02,1,799500,0.65
KE015,Kitui,2025-02,2,369000,0.3
KE015,Kitui,2025-02,3,61500,0.05
KE015,Kitui,2025-02,3+,61500,0.05
KE015,Kitui,2025-02,4,0,0.0
KE015,Kitui,2025-02,5,0,0.0
KE015,Kitui,2025-02,all,1230000,1.0
KE015,Kitui,2025-07,1,553500,0.45
KE015,Kitui,2025-07,2,553500,0.45
KE015,Kitui,2025-07,3,123000,0.1
KE015,Kitui,2025-07,3+,123000,0.1
KE015,Kitui,2025-07,4,0,0.0
KE015,Kitui,2025-07,5,0,0.0
KE015,Kitui,2025-07,all,1230000,1.0
KE002,Kwale,2019-07,1,287070,0.35
KE002,Kwale,2019-07,2,410100,0.5
KE002,Kwale,2019-07,3,123030,0.15
KE002,Kwale,2019-07,3+,123030,0.15
KE002,Kwale,2019-07,4,0,0.0
KE002,Kwale,2019-07,5,0,0.0
KE002,Kwale,2019-07,all,820199,1.0
KE002,Kwale,2020-02,1,476751,0.55
KE002,Kwale,2020-02,2,260046,0.3
KE002,Kwale,2020-02,3,86682,0.1
KE002,Kwale,2020-02,3+,130023,0.15
KE002,Kwale,2020-02,4,43341,0.05
KE002,Kwale,2020-02,5,0,0.0
KE002,Kwale,2020-02,all,866820,1.0
KE002,Kwale,2020-08,1,520092,0.6
KE002,Kwale,2020-08,2,303387,0.35
KE002,Kwale,2020-08,3,43341,0.05
KE002,Kwale,2020-08,3+,43341,0.05
KE002,Kwale,2020-08,4,0,0.0
KE002,Kwale,2020-08,5,0,0.0
KE002,Kwale,2020-08,all,866820,1.0
KE002,Kwale,2021-02,1,433410,0.5
KE002,Kwale,2021-02,2,346728,0.4
KE002,Kwale,2021-02,3,86682,0.1
KE002,Kwale,2021-02,3+,86682,0.1
KE002,Kwale,2021-02,4,0,0.0
KE002,Kwale,2021-02,5,0,0.0
KE002,Kwale,2021-02,all,866820,1.0
KE002,Kwale,2021-07,1,433410,0.5
KE002,Kwale,2021-07,2,346728,0.4
KE002,Kwale,2021-07,3,86682,0.1
KE002,Kwale,2021-07,3+,86682,0.1
KE002,Kwale,2021-07,4,0,0.0
KE002,Kwale,2021-07,5,0,0.0
KE002,Kwale,2021-07,all,866820,1.0
KE002,Kwale,2022-02,1,433410,0.5
KE002,Kwale,2022-02,2,303387,0.35
KE002,Kwale,2022-02,3,130023,0.15
KE002,Kwale,2022-02,3+,130023,0.15
KE002,Kwale,2022-02,4,0,0.0
KE002,Kwale,2022-02,5,0,0.0
KE002,Kwale,2022-02,all,866820,1.0
KE002,Kwale,2022-07,1,433410,0.5
KE002,Kwale,2022-07,2,346728,0.4
KE002,Kwale,2022-07,3,86682,0.1
KE002,Kwale,2022-07,3+,86682,0.1
KE002,Kwale,2022-07,4,0,0.0
KE002,Kwale,2022-07,5,0,0.0
KE002,Kwale,2022-07,all,866820,1.0
KE002,Kwale,2023-02,1,377786,0.4
KE002,Kwale,2023-02,2,472232,0.5
KE002,Kwale,2023-02,3,94446,0.1
KE002,Kwale,2023-02,3+,94446,0.1
KE002,Kwale,2023-02,4,0,0.0
KE002,Kwale,2023-02,5,0,0.0
KE002,Kwale,2023-02,all,944464,1.0
KE002,Kwale,2023-07,1,377600,0.4
KE002,Kwale,2023-07,2,519200,0.55
KE002,Kwale,2023-07,3,47200,0.05
KE002,Kwale,2023-07,3+,47200,0.05
KE002,Kwale,2023-07,4,0,0.0
KE002,Kwale,2023-07,5,0,0.0
KE002,Kwale,2023-07,all,944000,1.0
KE002,Kwale,2024-02,1,472000,0.5
KE002,Kwale,2024-02,2,330400,0.35
KE002,Kwale,2024-02,3,94400,0.1
KE002,Kwale,2024-02,3+,141600,0.15
KE002,Kwale,2024-02,4,47200,0.05
KE002,Kwale,2024-02,5,0,0.0
KE002,Kwale,2024-02,all,944000,1.0
KE002,Kwale,2024-07,1,472000,0.5
KE002,Kwale,2024-07,2,424800,0.45
KE002,Kwale,2024-07,3,47200,0.05
KE002,Kwale,2024-07,3+,47200,0.05
KE002,Kwale,2024-07,4,0,0.0
KE002,Kwale,2024-07,5,0,0.0
KE002,Kwale,2024-07,all,944000,1.0
KE002,Kwale,2025-02,1,330400,0.35
KE002,Kwale,2025-02,2,472000,0.5
KE002,Kwale,2025-02,3,141600,0.15
KE002,Kwale,2025-02,3+,141600,0.15
KE002,Kwale,2025-02,4,0,0.0
KE002,Kwale,2025-02,5,0,0.0
KE002,Kwale,2025-02,all,944000,1.0
KE002,Kwale,2025-07,1,519200,0.55
KE002,Kwale,2025-07,2,330400,0.35
KE002,Kwale,2025-07,3,94400,0.1
KE002,Kwale,2025-07,3+,94400,0.1
KE002,Kwale,2025-07,4,0,0.0
KE002,Kwale,2025-07,5,0,0.0
KE002,Kwale,2025-07,all,944000,1.0
KE031,Laikipia,2019-07,1,252856,0.5
KE031,Laikipia,2019-07,2,202285,0.4
KE031,Laikipia,2019-07,3,50571,0.1
KE031,Laikipia,2019-07,3+,50571,0.1
KE031,Laikipia,2019-07,4,0,0.0
KE031,Laikipia,2019-07,5,0,0.0
KE031,Laikipia,2019-07,all,505712,1.0
KE031,Laikipia,2020-02,1,311136,0.6
KE031,Laikipia,2020-02,2,181496,0.35
KE031,Laikipia,2020-02,3,25928,0.05
KE031,Laikipia,2020-02,3+,25928,0.05
KE031,Laikipia,2020-02,4,0,0.0
KE031,Laikipia,2020-02,5,0,0.0
KE031,Laikipia,2020-02,all,518560,1.0
KE031,Laikipia,2020-08,1,337064,0.65
KE031,Laikipia,2020-08,2,181496,0.35
KE031,Laikipia,2020-08,3,0,0.0
KE031,Laikipia,2020-08,3+,0,0.0
KE031,Laikipia,2020-08,4,0,0.0
KE031,Laikipia,2020-08,5,0,0.0
KE031,Laikipia,2020-08,all,518560,1.0
KE031,Laikipia,2021-02,1,440776,0.85
KE031,Laikipia,2021-02,2,51856,0.1
KE031,Laikipia,2021-02,3,25928,0.05
KE031,Laikipia,2021-02,3+,25928,0.05
KE031,Laikipia,2021-02,4,0,0.0
KE031,Laikipia,2021-02,5,0,0.0
KE031,Laikipia,2021-02,all,518560,1.0
KE031,Laikipia,2021-07,1,259280,0.5
KE031,Laikipia,2021-07,2,233352,0.45
KE031,Laikipia,2021-07,3,25928,0.05
KE031,Laikipia,2021-07,3+,25928,0.05
KE031,Laikipia,2021-07,4,0,0.0
KE031,Laikipia,2021-07,5,0,0.0
KE031,Laikipia,2021-07,all,518560,1.0
KE031,Laikipia,2022-02,1,207424,0.4
KE031,Laikipia,2022-02,2,259280,0.5
KE031,Laikipia,2022-02,3,51856,0.1
KE031,Laikipia,2022-02,3+,51856,0.1
KE031,Laikipia,2022-02,4,0,0.0
KE031,Laikipia,2022-02,5,0,0.0
KE031,Laikipia,2022-02,all,518560,1.0
KE031,Laikipia,2022-07,1,155568,0.3
KE031,Laikipia,2022-07,2,233352,0.45
KE031,Laikipia,2022-07,3,103712,0.2
KE031,Laikipia,2022-07,3+,129640,0.25
KE031,Laikipia,2022-07,4,25928,0.05
KE031,Laikipia,2022-07,5,0,0.0
KE031,Laikipia,2022-07,all,518560,1.0
KE031,Laikipia,2023-02,1,196428,0.35
KE031,Laikipia,2023-02,2,280612,0.5
KE031,Laikipia,2023-02,3,84183,0.15
KE031,Laikipia,2023-02,3+,84183,0.15
KE031,Laikipia,2023-02,4,0,0.0
KE031,Laikipia,2023-02,5,0,0.0
KE031,Laikipia,2023-02,all,561223,1.0
KE031,Laikipia,2023-07,1,196350,0.35
KE031,Laikipia,2023-07,2,308550,0.55
KE031,Laikipia,2023-07,3,56100,0.1
KE031,Laikipia,2023-07,3+,56100,0.1
KE031,Laikipia,2023-07,4,0,0.0
KE031,Laikipia,2023-07,5,0,0.0
KE031,Laikipia,2023-07,all,561000,1.0
KE031,Laikipia,2024-02,1,280500,0.5
KE031,Laikipia,2024-02,2,224400,0.4
KE031,Laikipia,2024-02,3,56100,0.1
KE031,Laikipia,2024-02,3+,56100,0.1
KE031,Laikipia,2024-02,4,0,0.0
KE031,Laikipia,2024-02,5,0,0.0
KE031,Laikipia,2024-02,all,561000,1.0
KE031,Laikipia,2024-07,1,392700,0.7
KE031,Laikipia,2024-07,2,140250,0.25
KE031,Laikipia,2024-07,3,28050,0.05
KE031,Laikipia,2024-07,3+,28050,0.05
KE031,Laikipia,2024-07,4,0,0.0
KE031,Laikipia,2024-07,5,0,0.0
KE031,Laikipia,2024-07,all,561000,1.0
KE031,Laikipia,2025-02,1,364650,0.65
KE031,Laikipia,2025-02,2,168300,0.3
KE031,Laikipia,2025-02,3,28050,0.05
KE031,Laikipia,2025-02,3+,28050,0.05
KE031,Laikipia,2025-02,4,0,0.0
KE031,Laikipia,2025-02,5,0,0.0
KE031,Laikipia,2025-02,all,561000,1.0
KE031,Laikipia,2025-07,1,224400,0.4
KE031,Laikipia,2025-07,2,308550,0.55
KE031,Laikipia,2025-07,3,28050,0.05
KE031,Laikipia,2025-07,3+,28050,0.05
KE031,Laikipia,2025-07,4,0,0.0
KE031,Laikipia,2025-07,5,0,0.0
KE031,Laikipia,2025-07,all,561000,1.0
KE005,Lamu,2019-07,1,38443,0.3
KE005,Lamu,2019-07,2,64072,0.5
KE005,Lamu,2019-07,3,25629,0.2
KE005,Lamu,2019-07,3+,25629,0.2
KE005,Lamu,2019-07,4,0,0.0
KE005,Lamu,2019-07,5,0,0.0
KE005,Lamu,2019-07,all,128144,1.0
KE005,Lamu,2020-02,1,86352,0.6
KE005,Lamu,2020-02,2,43176,0.3
KE005,Lamu,2020-02,3,14392,0.1
KE005,Lamu,2020-02,3+,14392,0.1
KE005,Lamu,2020-02,4,0,0.0
KE005,Lamu,2020-02,5,0,0.0
KE005,Lamu,2020-02,all,143920,1.0
KE005,Lamu,2020-08,1,57568,0.4
KE005,Lamu,2020-08,2,79156,0.55
KE005,Lamu,2020-08,3,7196,0.05
KE005,Lamu,2020-08,3+,7196,0.05
KE005,Lamu,2020-08,4,0,0.0
KE005,Lamu,2020-08,5,0,0.0
KE005,Lamu,2020-08,all,143920,1.0
KE005,Lamu,2021-02,1,57568,0.4
KE005,Lamu,2021-02,2,64764,0.45
KE005,Lamu,2021-02,3,21588,0.15
KE005,Lamu,2021-02,3+,21588,0.15
KE005,Lamu,2021-02,4,0,0.0
KE005,Lamu,2021-02,5,0,0.0
KE005,Lamu,2021-02,all,143920,1.0
KE005,Lamu,2021-07,1,50372,0.35
KE005,Lamu,2021-07,2,79156,0.55
KE005,Lamu,2021-07,3,14392,0.1
KE005,Lamu,2021-07,3+,14392,0.1
KE005,Lamu,2021-07,4,0,0.0
KE005,Lamu,2021-07,5,0,0.0
KE005,Lamu,2021-07,all,143920,1.0
KE005,Lamu,2022-02,1,57568,0.4
KE005,Lamu,2022-02,2,64764,0.45
KE005,Lamu,2022-02,3,14392,0.1
KE005,Lamu,2022-02,3+,21588,0.15
KE005,Lamu,2022-02,4,7196,0.05
KE005,Lamu,2022-02,5,0,0.0
KE005,Lamu,2022-02,all,143920,1.0
KE005,Lamu,2022-07,1,71960,0.5
KE005,Lamu,2022-07,2,57568,0.4
KE005,Lamu,2022-07,3,14392,0.1
KE005,Lamu,2022-07,3+,14392,0.1
KE005,Lamu,2022-07,4,0,0.0
KE005,Lamu,2022-07,5,0,0.0
KE005,Lamu,2022-07,all,143920,1.0
KE005,Lamu,2023-02,1,100399,0.6
KE005,Lamu,2023-02,2,50200,0.3
KE005,Lamu,2023-02,3,16733,0.1
KE005,Lamu,2023-02,3+,16733,0.1
KE005,Lamu,2023-02,4,0,0.0
KE005,Lamu,2023-02,5,0,0.0
KE005,Lamu,2023-02,all,167332,1.0
KE005,Lamu,2023-07,1,100200,0.6
KE005,Lamu,2023-07,2,58450,0.35
KE005,Lamu,2023-07,3,8350,0.05
KE005,Lamu,2023-07,3+,8350,0.05
KE005,Lamu,2023-07,4,0,0.0
KE005,Lamu,2023-07,5,0,0.0
KE005,Lamu,2023-07,all,167000,1.0
KE005,Lamu,2024-02,1,58450,0.35
KE005,Lamu,2024-02,2,91850,0.55
KE005,Lamu,2024-02,3,16700,0.1
KE005,Lamu,2024-02,3+,16700,0.1
KE005,Lamu,2024-02,4,0,0.0
KE005,Lamu,2024-02,5,0,0.0
KE005,Lamu,2024-02,all,167000,1.0
KE005,Lamu,2024-07,1,66800,0.4
KE005,Lamu,2024-07,2,91850,0.55
KE005,Lamu,2024-07,3,8350,0.05
KE005,Lamu,2024-07,3+,8350,0.05
KE005,Lamu,2024-07,4,0,0.0
KE005,Lamu,2024-07,5,0,0.0
KE005,Lamu,2024-07,all,167000,1.0
KE005,Lamu,2025-02,1,58449,0.35
KE005,Lamu,2025-02,2,91850,0.55
KE005,Lamu,2025-02,3,16700,0.1
KE005,Lamu,2025-02,3+,16700,0.1
KE005,Lamu,2025-02,4,0,0.0
KE005,Lamu,2025-02,5,0,0.0
KE005,Lamu,2025-02,all,167000,1.0
KE005,Lamu,2025-07,1,41750,0.25
KE005,Lamu,2025-07,2,100200,0.6
KE005,Lamu,2025-07,3,25050,0.15
KE005,Lamu,2025-07,3+,25050,0.15
KE005,Lamu,2025-07,4,0,0.0
KE005,Lamu,2025-07,5,0,0.0
KE005,Lamu,2025-07,all,167000,1.0
KE016,Machakos,2023-02,1,0,0.0
KE016,Machakos,2023-02,2,0,0.0
KE016,Machakos,2023-02,3,0,0.0
KE016,Machakos,2023-02,3+,0,0.0
KE016,Machakos,2023-02,4,0,0.0
KE016,Machakos,2023-02,5,0,0.0
KE016,Machakos,2023-02,all,550683,1.0
KE017,Makueni,2019-07,1,191804,0.2
KE017,Makueni,2019-07,2,575413,0.6
KE017,Makueni,2019-07,3,191804,0.2
KE017,Makueni,2019-07,3+,191804,0.2
KE017,Makueni,2019-07,4,0,0.0
KE017,Makueni,2019-07,5,0,0.0
KE017,Makueni,2019-07,all,959022,1.0
KE017,Makueni,2020-02,1,839505,0.85
KE017,Makueni,2020-02,2,98765,0.1
KE017,Makueni,2020-02,3,49383,0.05
KE017,Makueni,2020-02,3+,49383,0.05
KE017,Makueni,2020-02,4,0,0.0
KE017,Makueni,2020-02,5,0,0.0
KE017,Makueni,2020-02,all,987653,1.0
KE017,Makueni,2020-08,1,691357,0.7
KE017,Makueni,2020-08,2,296296,0.3
KE017,Makueni,2020-08,3,0,0.0
KE017,Makueni,2020-08,3+,0,0.0
KE017,Makueni,2020-08,4,0,0.0
KE017,Makueni,2020-08,5,0,0.0
KE017,Makueni,2020-08,all,987653,1.0
KE017,Makueni,2021-02,1,592592,0.6
KE017,Makueni,2021-02,2,345679,0.35
KE017,Makueni,2021-02,3,49383,0.05
KE017,Makueni,2021-02,3+,49383,0.05
KE017,Makueni,2021-02,4,0,0.0
KE017,Makueni,2021-02,5,0,0.0
KE017,Makueni,2021-02,all,987653,1.0
KE017,Makueni,2021-07,1,444444,0.45
KE017,Makueni,2021-07,2,444444,0.45
KE017,Makueni,2021-07,3,98765,0.1
KE017,Makueni,2021-07,3+,98765,0.1
KE017,Makueni,2021-07,4,0,0.0
KE017,Makueni,2021-07,5,0,0.0
KE017,Makueni,2021-07,all,987653,1.0
KE017,Makueni,2022-02,1,592592,0.6
KE017,Makueni,2022-02,2,296296,0.3
KE017,Makueni,2022-02,3,98765,0.1
KE017,Makueni,2022-02,3+,98765,0.1
KE017,Makueni,2022-02,4,0,0.0
KE017,Makueni,2022-02,5,0,0.0
KE017,Makueni,2022-02,all,987653,1.0
KE017,Makueni,2022-07,1,493827,0.5
KE017,Makueni,2022-07,2,296296,0.3
KE017,Makueni,2022-07,3,148148,0.15
KE017,Makueni,2022-07,3+,197531,0.2
KE017,Makueni,2022-07,4,49383,0.05
KE017,Makueni,2022-07,5,0,0.0
KE017,Makueni,2022-07,all,987653,1.0
KE017,Makueni,2023-02,1,521150,0.5
KE017,Makueni,2023-02,2,312690,0.3
KE017,Makueni,2023-02,3,208460,0.2
KE017,Makueni,2023-02,3+,208460,0.2
KE017,Makueni,2023-02,4,0,0.0
KE017,Makueni,2023-02,5,0,0.0
KE017,Makueni,2023-02,all,1042300,1.0
KE017,Makueni,2023-07,1,573100,0.55
KE017,Makueni,2023-07,2,312600,0.3
KE017,Makueni,2023-07,3,156300,0.15
KE017,Makueni,2023-07,3+,156300,0.15
KE017,Makueni,2023-07,4,0,0.0
KE017,Makueni,2023-07,5,0,0.0
KE017,Makueni,2023-07,all,1042000,1.0
KE017,Makueni,2024-02,1,416800,0.4
KE017,Makueni,2024-02,2,468900,0.45
KE017,Makueni,2024-02,3,156300,0.15
KE017,Makueni,2024-02,3+,156300,0.15
KE017,Makueni,2024-02,4,0,0.0
KE017,Makueni,2024-02,5,0,0.0
KE017,Makueni,2024-02,all,1042000,1.0
KE017,Makueni,2024-07,1,729400,0.7
KE017,Makueni,2024-07,2,260500,0.25
KE017,Makueni,2024-07,3,52100,0.05
KE017,Makueni,2024-07,3+,52100,0.05
KE017,Makueni,2024-07,4,0,0.0
KE017,Makueni,2024-07,5,0,0.0
KE017,Makueni,2024-07,all,1042000,1.0
KE017,Makueni,2025-02,1,625200,0.6
KE017,Makueni,2025-02,2,312600,0.3
KE017,Makueni,2025-02,3,104200,0.1
KE017,Makueni,2025-02,3+,104200,0.1
KE017,Makueni,2025-02,4,0,0.0
KE017,Makueni,2025-02,5,0,0.0
KE017,Makueni,2025-02,all,1042000,1.0
KE017,Makueni,2025-07,1,677300,0.65
KE017,Makueni,2025-07,2,312600,0.3
KE017,Makueni,2025-07,3,52100,0.05
KE017,Makueni,2025-07,3+,52100,0.05
KE017,Makueni,2025-07,4,0,0.0
KE017,Makueni,2025-07,5,0,0.0
KE017,Makueni,2025-07,all,1042000,1.0
KE009,Mandera,2019-07,1,142223,0.2
KE009,Mandera,2019-07,2,320003,0.45
KE009,Mandera,2019-07,3,177779,0.25
KE009,Mandera,2019-07,3+,248891,0.35
KE009,Mandera,2019-07,4,71112,0.1
KE009,Mandera,2019-07,5,0,0.0
KE009,Mandera,2019-07,all,711117,1.0
KE009,Mandera,2020-02,1,433729,0.5
KE009,Mandera,2020-02,2,303610,0.35
KE009,Mandera,2020-02,3,86746,0.1
KE009,Mandera,2020-02,3+,130119,0.15
KE009,Mandera,2020-02,4,43373,0.05
KE009,Mandera,2020-02,5,0,0.0
KE009,Mandera,2020-02,all,867457,1.0
KE009,Mandera,2020-08,1,346983,0.4
KE009,Mandera,2020-08,2,390356,0.45
KE009,Mandera,2020-08,3,86746,0.1
KE009,Mandera,2020-08,3+,130119,0.15
KE009,Mandera,2020-08,4,43373,0.05
KE009,Mandera,2020-08,5,0,0.0
KE009,Mandera,2020-08,all,867457,1.0
KE009,Mandera,2021-02,1,346983,0.4
KE009,Mandera,2021-02,2,346983,0.4
KE009,Mandera,2021-02,3,130119,0.15
KE009,Mandera,2021-02,3+,173492,0.2
KE009,Mandera,2021-02,4,43373,0.05
KE009,Mandera,2021-02,5,0,0.0
KE009,Mandera,2021-02,all,867457,1.0
KE009,Mandera,2021-07,1,346983,0.4
KE009,Mandera,2021-07,2,346983,0.4
KE009,Mandera,2021-07,3,130119,0.15
KE009,Mandera,2021-07,3+,173492,0.2
KE009,Mandera,2021-07,4,43373,0.05
KE009,Mandera,2021-07,5,0,0.0
KE009,Mandera,2021-07,all,867457,1.0
KE009,Mandera,2022-02,1,260237,0.3
KE009,Mandera,2022-02,2,303610,0.35
KE009,Mandera,2022-02,3,216864,0.25
KE009,Mandera,2022-02,3+,303610,0.35
KE009,Mandera,2022-02,4,86746,0.1
KE009,Mandera,2022-02,5,0,0.0
KE009,Mandera,2022-02,all,867457,1.0
KE009,Mandera,2022-07,1,216864,0.25
KE009,Mandera,2022-07,2,260237,0.3
KE009,Mandera,2022-07,3,260237,0.3
KE009,Mandera,2022-07,3+,390356,0.45
KE009,Mandera,2022-07,4,130119,0.15
KE009,Mandera,2022-07,5,0,0.0
KE009,Mandera,2022-07,all,867457,1.0
KE009,Mandera,2023-02,1,191847,0.2
KE009,Mandera,2023-02,2,239809,0.25
KE009,Mandera,2023-02,3,383694,0.4
KE009,Mandera,2023-02,3+,527579,0.55
KE009,Mandera,2023-02,4,143885,0.15
KE009,Mandera,2023-02,5,0,0.0
KE009,Mandera,2023-02,all,959236,1.0
KE009,Mandera,2023-07,1,239750,0.25
KE009,Mandera,2023-07,2,431550,0.45
KE009,Mandera,2023-07,3,191800,0.2
KE009,Mandera,2023-07,3+,287700,0.3
KE009,Mandera,2023-07,4,95900,0.1
KE009,Mandera,2023-07,5,0,0.0
KE009,Mandera,2023-07,all,959000,1.0
KE009,Mandera,2024-02,1,335650,0.35
KE009,Mandera,2024-02,2,431550,0.45
KE009,Mandera,2024-02,3,143850,0.15
KE009,Mandera,2024-02,3+,191800,0.2
KE009,Mandera,2024-02,4,47950,0.05
KE009,Mandera,2024-02,5,0,0.0
KE009,Mandera,2024-02,all,959000,1.0
KE009,Mandera,2024-07,1,383600,0.4
KE009,Mandera,2024-07,2,479500,0.5
KE009,Mandera,2024-07,3,95900,0.1
KE009,Mandera,2024-07,3+,95900,0.1
KE009,Mandera,2024-07,4,0,0.0
KE009,Mandera,2024-07,5,0,0.0
KE009,Mandera,2024-07,all,959000,1.0
KE009,Mandera,2025-02,1,239750,0.25
KE009,Mandera,2025-02,2,431550,0.45
KE009,Mandera,2025-02,3,239750,0.25
KE009,Mandera,2025-02,3+,287700,0.3
KE009,Mandera,2025-02,4,47950,0.05
KE009,Mandera,2025-02,5,0,0.0
KE009,Mandera,2025-02,all,959000,1.0
KE009,Mandera,2025-07,1,191800,0.2
KE009,Mandera,2025-07,2,479500,0.5
KE009,Mandera,2025-07,3,239750,0.25
KE009,Mandera,2025-07,3+,287700,0.3
KE009,Mandera,2025-07,4,47950,0.05
KE009,Mandera,2025-07,5,0,0.0
KE009,Mandera,2025-07,all,959000,1.0
KE010,Marsabit,2019-07,1,47390,0.15
KE010,Marsabit,2019-07,2,157968,0.5
KE010,Marsabit,2019-07,3,94781,0.3
KE010,Marsabit,2019-07,3+,110578,0.35
KE010,Marsabit,2019-07,4,15797,0.05
KE010,Marsabit,2019-07,5,0,0.0
KE010,Marsabit,2019-07,all,315936,1.0
KE010,Marsabit,2020-02,1,229893,0.5
KE010,Marsabit,2020-02,2,160925,0.35
KE010,Marsabit,2020-02,3,45979,0.1
KE010,Marsabit,2020-02,3+,68968,0.15
KE010,Marsabit,2020-02,4,22989,0.05
KE010,Marsabit,2020-02,5,0,0.0
KE010,Marsabit,2020-02,all,459785,1.0
KE010,Marsabit,2020-08,1,206903,0.45
KE010,Marsabit,2020-08,2,183914,0.4
KE010,Marsabit,2020-08,3,68968,0.15
KE010,Marsabit,2020-08,3+,68968,0.15
KE010,Marsabit,2020-08,4,0,0.0
KE010,Marsabit,2020-08,5,0,0.0
KE010,Marsabit,2020-08,all,459785,1.0
KE010,Marsabit,2021-02,1,183914,0.4
KE010,Marsabit,2021-02,2,206903,0.45
KE010,Marsabit,2021-02,3,45979,0.1
KE010,Marsabit,2021-02,3+,68968,0.15
KE010,Marsabit,2021-02,4,22989,0.05
KE010,Marsabit,2021-02,5,0,0.0
KE010,Marsabit,2021-02,all,459785,1.0
KE010,Marsabit,2021-07,1,137936,0.3
KE010,Marsabit,2021-07,2,160925,0.35
KE010,Marsabit,2021-07,3,114946,0.25
KE010,Marsabit,2021-07,3+,160925,0.35
KE010,Marsabit,2021-07,4,45979,0.1
KE010,Marsabit,2021-07,5,0,0.0
KE010,Marsabit,2021-07,all,459785,1.0
KE010,Marsabit,2022-02,1,45979,0.1
KE010,Marsabit,2022-02,2,183914,0.4
KE010,Marsabit,2022-02,3,160925,0.35
KE010,Marsabit,2022-02,3+,229893,0.5
KE010,Marsabit,2022-02,4,68968,0.15
KE010,Marsabit,2022-02,5,0,0.0
KE010,Marsabit,2022-02,all,459785,1.0
KE010,Marsabit,2022-07,1,45979,0.1
KE010,Marsabit,2022-07,2,206903,0.45
KE010,Marsabit,2022-07,3,160925,0.35
KE010,Marsabit,2022-07,3+,206904,0.45
KE010,Marsabit,2022-07,4,45979,0.1
KE010,Marsabit,2022-07,5,0,0.0
KE010,Marsabit,2022-07,all,459785,1.0
KE010,Marsabit,2023-02,1,103058,0.2
KE010,Marsabit,2023-02,2,128823,0.25
KE010,Marsabit,2023-02,3,206117,0.4
KE010,Marsabit,2023-02,3+,283411,0.55
KE010,Marsabit,2023-02,4,77294,0.15
KE010,Marsabit,2023-02,5,0,0.0
KE010,Marsabit,2023-02,all,515292,1.0
KE010,Marsabit,2023-07,1,128750,0.25
KE010,Marsabit,2023-07,2,180250,0.35
KE010,Marsabit,2023-07,3,128750,0.25
KE010,Marsabit,2023-07,3+,206000,0.4
KE010,Marsabit,2023-07,4,77250,0.15
KE010,Marsabit,2023-07,5,0,0.0
KE010,Marsabit,2023-07,all,515000,1.0
KE010,Marsabit,2024-02,1,180250,0.35
KE010,Marsabit,2024-02,2,231750,0.45
KE010,Marsabit,2024-02,3,77250,0.15
KE010,Marsabit,2024-02,3+,103000,0.2
KE010,Marsabit,2024-02,4,25750,0.05
KE010,Marsabit,2024-02,5,0,0.0
KE010,Marsabit,2024-02,all,515000,1.0
KE010,Marsabit,2025-02,1,128750,0.25
KE010,Marsabit,2025-02,2,257500,0.5
KE010,Marsabit,2025-02,3,103000,0.2
KE010,Marsabit,2025-02,3+,128750,0.25
KE010,Marsabit,2025-02,4,25750,0.05
KE010,Marsabit,2025-02,5,0,0.0
KE010,Marsabit,2025-02,all,515000,1.0
KE010,Marsabit,2025-07,1,128750,0.25
KE010,Marsabit,2025-07,2,283250,0.55
KE010,Marsabit,2025-07,3,103000,0.2
KE010,Marsabit,2025-07,3+,103000,0.2
KE010,Marsabit,2025-07,4,0,0.0
KE010,Marsabit,2025-07,5,0,0.0
KE010,Marsabit,2025-07,all,515000,1.0
KE012,Meru,2019-07,1,310393,0.4
KE012,Meru,2019-07,2,310393,0.4
KE012,Meru,2019-07,3,155196,0.2
KE012,Meru,2019-07,3+,155196,0.2
KE012,Meru,2019-07,4,0,0.0
KE012,Meru,2019-07,5,0,0.0
KE012,Meru,2019-07,all,775982,1.0
KE012,Meru,2020-02,1,650152,0.85
KE012,Meru,2020-02,2,76489,0.1
KE012,Meru,2020-02,3,38244,0.05
KE012,Meru,2020-02,3+,38244,0.05
KE012,Meru,2020-02,4,0,0.0
KE012,Meru,2020-02,5,0,0.0
KE012,Meru,2020-02,all,764885,1.0
KE012,Meru,2020-08,1,718883,0.7
KE012,Meru,2020-08,2,308093,0.3
KE012,Meru,2020-08,3,0,0.0
KE012,Meru,2020-08,3+,0,0.0
KE012,Meru,2020-08,4,0,0.0
KE012,Meru,2020-08,5,0,0.0
KE012,Meru,2020-08,all,1026975,1.0
KE012,Meru,2021-02,1,667534,0.65
KE012,Meru,2021-02,2,308093,0.3
KE012,Meru,2021-02,3,51349,0.05
KE012,Meru,2021-02,3+,51349,0.05
KE012,Meru,2021-02,4,0,0.0
KE012,Meru,2021-02,5,0,0.0
KE012,Meru,2021-02,all,1026975,1.0
KE012,Meru,2021-07,1,497175,0.65
KE012,Meru,2021-07,2,229466,0.3
KE012,Meru,2021-07,3,38244,0.05
KE012,Meru,2021-07,3+,38244,0.05
KE012,Meru,2021-07,4,0,0.0
KE012,Meru,2021-07,5,0,0.0
KE012,Meru,2021-07,all,764885,1.0
KE012,Meru,2022-02,1,420687,0.55
KE012,Meru,2022-02,2,191221,0.25
KE012,Meru,2022-02,3,114733,0.15
KE012,Meru,2022-02,3+,152977,0.2
KE012,Meru,2022-02,4,38244,0.05
KE012,Meru,2022-02,5,0,0.0
KE012,Meru,2022-02,all,764885,1.0
KE012,Meru,2022-07,1,229466,0.3
KE012,Meru,2022-07,2,382443,0.5
KE012,Meru,2022-07,3,152977,0.2
KE012,Meru,2022-07,3+,152977,0.2
KE012,Meru,2022-07,4,0,0.0
KE012,Meru,2022-07,5,0,0.0
KE012,Meru,2022-07,all,764885,1.0
KE012,Meru,2023-02,1,238343,0.3
KE012,Meru,2023-02,2,397238,0.5
KE012,Meru,2023-02,3,158895,0.2
KE012,Meru,2023-02,3+,158895,0.2
KE012,Meru,2023-02,4,0,0.0
KE012,Meru,2023-02,5,0,0.0
KE012,Meru,2023-02,all,794476,1.0
KE012,Meru,2023-07,1,397500,0.5
KE012,Meru,2023-07,2,318000,0.4
KE012,Meru,2023-07,3,79500,0.1
KE012,Meru,2023-07,3+,79500,0.1
KE012,Meru,2023-07,4,0,0.0
KE012,Meru,2023-07,5,0,0.0
KE012,Meru,2023-07,all,795000,1.0
KE012,Meru,2024-02,1,596250,0.75
KE012,Meru,2024-02,2,159000,0.2
KE012,Meru,2024-02,3,39750,0.05
KE012,Meru,2024-02,3+,39750,0.05
KE012,Meru,2024-02,4,0,0.0
KE012,Meru,2024-02,5,0,0.0
KE012,Meru,2024-02,all,795000,1.0
KE012,Meru,2024-07,1,596250,0.75
KE012,Meru,2024-07,2,159000,0.2
KE012,Meru,2024-07,3,39750,0.05
KE012,Meru,2024-07,3+,39750,0.05
KE012,Meru,2024-07,4,0,0.0
KE012,Meru,2024-07,5,0,0.0
KE012,Meru,2024-07,all,795000,1.0
KE012,Meru,2025-02,1,318000,0.4
KE012,Meru,2025-02,2,357750,0.45
KE012,Meru,2025-02,3,119250,0.15
KE012,Meru,2025-02,3+,119250,0.15
KE012,Meru,2025-02,4,0,0.0
KE012,Meru,2025-02,5,0,0.0
KE012,Meru,2025-02,all,795000,1.0
KE012,Meru,2025-07,1,397500,0.5
KE012,Meru,2025-07,2,318000,0.4
KE012,Meru,2025-07,3,79500,0.1
KE012,Meru,2025-07,3+,79500,0.1
KE012,Meru,2025-07,4,0,0.0
KE012,Meru,2025-07,5,0,0.0
KE012,Meru,2025-07,all,795000,1.0
KE044,Migori,2023-02,1,0,0.0
KE044,Migori,2023-02,2,0,0.0
KE044,Migori,2023-02,3,0,0.0
KE044,Migori,2023-02,3+,0,0.0
KE044,Migori,2023-02,4,0,0.0
KE044,Migori,2023-02,5,0,0.0
KE044,Migori,2023-02,all,1234082,1.0
KE033,Narok,2019-07,1,592745,0.55
KE033,Narok,2019-07,2,484974,0.45
KE033,Narok,2019-07,3,0,0.0
KE033,Narok,2019-07,3+,0,0.0
KE033,Narok,2019-07,4,0,0.0
KE033,Narok,2019-07,5,0,0.0
KE033,Narok,2019-07,all,1077719,1.0
KE033,Narok,2020-02,1,1042086,0.9
KE033,Narok,2020-02,2,115787,0.1
KE033,Narok,2020-02,3,0,0.0
KE033,Narok,2020-02,3+,0,0.0
KE033,Narok,2020-02,4,0,0.0
KE033,Narok,2020-02,5,0,0.0
KE033,Narok,2020-02,all,1157873,1.0
KE033,Narok,2020-08,1,984192,0.85
KE033,Narok,2020-08,2,173681,0.15
KE033,Narok,2020-08,3,0,0.0
KE033,Narok,2020-08,3+,0,0.0
KE033,Narok,2020-08,4,0,0.0
KE033,Narok,2020-08,5,0,0.0
KE033,Narok,2020-08,all,1157873,1.0
KE033,Narok,2021-02,1,984192,0.85
KE033,Narok,2021-02,2,173681,0.15
KE033,Narok,2021-02,3,0,0.0
KE033,Narok,2021-02,3+,0,0.0
KE033,Narok,2021-02,4,0,0.0
KE033,Narok,2021-02,5,0,0.0
KE033,Narok,2021-02,all,1157873,1.0
KE033,Narok,2021-07,1,984192,0.85
KE033,Narok,2021-07,2,115787,0.1
KE033,Narok,2021-07,3,57894,0.05
KE033,Narok,2021-07,3+,57894,0.05
KE033,Narok,2021-07,4,0,0.0
KE033,Narok,2021-07,5,0,0.0
KE033,Narok,2021-07,all,1157873,1.0
KE033,Narok,2022-02,1,984192,0.85
KE033,Narok,2022-02,2,115787,0.1
KE033,Narok,2022-02,3,57894,0.05
KE033,Narok,2022-02,3+,57894,0.05
KE033,Narok,2022-02,4,0,0.0
KE033,Narok,2022-02,5,0,0.0
KE033,Narok,2022-02,all,1157873,1.0
KE033,Narok,2022-07,1,868405,0.75
KE033,Narok,2022-07,2,231575,0.2
KE033,Narok,2022-07,3,57894,0.05
KE033,Narok,2022-07,3+,57894,0.05
KE033,Narok,2022-07,4,0,0.0
KE033,Narok,2022-07,5,0,0.0
KE033,Narok,2022-07,all,1157873,1.0
KE033,Narok,2023-02,1,770400,0.6
KE033,Narok,2023-02,2,385200,0.3
KE033,Narok,2023-02,3,128400,0.1
KE033,Narok,2023-02,3+,128400,0.1
KE033,Narok,2023-02,4,0,0.0
KE033,Narok,2023-02,5,0,0.0
KE033,Narok,2023-02,all,1284000,1.0
KE033,Narok,2023-07,1,834600,0.65
KE033,Narok,2023-07,2,385200,0.3
KE033,Narok,2023-07,3,64200,0.05
KE033,Narok,2023-07,3+,64200,0.05
KE033,Narok,2023-07,4,0,0.0
KE033,Narok,2023-07,5,0,0.0
KE033,Narok,2023-07,all,1284000,1.0
KE033,Narok,2024-02,1,1091400,0.85
KE033,Narok,2024-02,2,128400,0.1
KE033,Narok,2024-02,3,64200,0.05
KE033,Narok,2024-02,3+,64200,0.05
KE033,Narok,2024-02,4,0,0.0
KE033,Narok,2024-02,5,0,0.0
KE033,Narok,2024-02,all,1284000,1.0
KE033,Narok,2024-07,1,1091400,0.85
KE033,Narok,2024-07,2,192600,0.15
KE033,Narok,2024-07,3,0,0.0
KE033,Narok,2024-07,3+,0,0.0
KE033,Narok,2024-07,4,0,0.0
KE033,Narok,2024-07,5,0,0.0
KE033,Narok,2024-07,all,1284000,1.0
KE033,Narok,2025-02,1,1091400,0.85
KE033,Narok,2025-02,2,128400,0.1
KE033,Narok,2025-02,3,64200,0.05
KE033,Narok,2025-02,3+,64200,0.05
KE033,Narok,2025-02,4,0,0.0
KE033,Narok,2025-02,5,0,0.0
KE033,Narok,2025-02,all,1284000,1.0
KE033,Narok,2025-07,1,1027200,0.8
KE033,Narok,2025-07,2,192600,0.15
KE033,Narok,2025-07,3,64200,0.05
KE033,Narok,2025-07,3+,64200,0.05
KE033,Narok,2025-07,4,0,0.0
KE033,Narok,2025-07,5,0,0.0
KE033,Narok,2025-07,all,1284000,1.0
KE019,Nyeri,2019-07,1,79115,0.45
KE019,Nyeri,2019-07,2,87906,0.5
KE019,Nyeri,2019-07,3,8791,0.05
KE019,Nyeri,2019-07,3+,8791,0.05
KE019,Nyeri,2019-07,4,0,0.0
KE019,Nyeri,2019-07,5,0,0.0
KE019,Nyeri,2019-07,all,175812,1.0
KE019,Nyeri,2020-02,1,179011,0.9
KE019,Nyeri,2020-02,2,19890,0.1
KE019,Nyeri,2020-02,3,0,0.0
KE019,Nyeri,2020-02,3+,0,0.0
KE019,Nyeri,2020-02,4,0,0.0
KE019,Nyeri,2020-02,5,0,0.0
KE019,Nyeri,2020-02,all,198901,1.0
KE019,Nyeri,2020-08,1,169066,0.85
KE019,Nyeri,2020-08,2,29835,0.15
KE019,Nyeri,2020-08,3,0,0.0
KE019,Nyeri,2020-08,3+,0,0.0
KE019,Nyeri,2020-08,4,0,0.0
KE019,Nyeri,2020-08,5,0,0.0
KE019,Nyeri,2020-08,all,198901,1.0
KE019,Nyeri,2021-02,1,159121,0.8
KE019,Nyeri,2021-02,2,39780,0.2
KE019,Nyeri,2021-02,3,0,0.0
KE019,Nyeri,2021-02,3+,0,0.0
KE019,Nyeri,2021-02,4,0,0.0
KE019,Nyeri,2021-02,5,0,0.0
KE019,Nyeri,2021-02,all,198901,1.0
KE019,Nyeri,2021-07,1,159121,0.8
KE019,Nyeri,2021-07,2,29835,0.15
KE019,Nyeri,2021-07,3,9945,0.05
KE019,Nyeri,2021-07,3+,9945,0.05
KE019,Nyeri,2021-07,4,0,0.0
KE019,Nyeri,2021-07,5,0,0.0
KE019,Nyeri,2021-07,all,198901,1.0
KE019,Nyeri,2022-02,1,109396,0.55
KE019,Nyeri,2022-02,2,69615,0.35
KE019,Nyeri,2022-02,3,19890,0.1
KE019,Nyeri,2022-02,3+,19890,0.1
KE019,Nyeri,2022-02,4,0,0.0
KE019,Nyeri,2022-02,5,0,0.0
KE019,Nyeri,2022-02,all,198901,1.0
KE019,Nyeri,2022-07,1,79560,0.4
KE019,Nyeri,2022-07,2,89505,0.45
KE019,Nyeri,2022-07,3,29835,0.15
KE019,Nyeri,2022-07,3+,29835,0.15
KE019,Nyeri,2022-07,4,0,0.0
KE019,Nyeri,2022-07,5,0,0.0
KE019,Nyeri,2022-07,all,198901,1.0
KE019,Nyeri,2023-02,1,112826,0.55
KE019,Nyeri,2023-02,2,61542,0.3
KE019,Nyeri,2023-02,3,30771,0.15
KE019,Nyeri,2023-02,3+,30771,0.15
KE019,Nyeri,2023-02,4,0,0.0
KE019,Nyeri,2023-02,5,0,0.0
KE019,Nyeri,2023-02,all,205139,1.0
KE019,Nyeri,2023-07,1,71750,0.35
KE019,Nyeri,2023-07,2,112750,0.55
KE019,Nyeri,2023-07,3,20500,0.1
KE019,Nyeri,2023-07,3+,20500,0.1
KE019,Nyeri,2023-07,4,0,0.0
KE019,Nyeri,2023-07,5,0,0.0
KE019,Nyeri,2023-07,all,205000,1.0
KE019,Nyeri,2024-02,1,153750,0.75
KE019,Nyeri,2024-02,2,41000,0.2
KE019,Nyeri,2024-02,3,10250,0.05
KE019,Nyeri,2024-02,3+,10250,0.05
KE019,Nyeri,2024-02,4,0,0.0
KE019,Nyeri,2024-02,5,0,0.0
KE019,Nyeri,2024-02,all,205000,1.0
KE019,Nyeri,2024-07,1,153750,0.75
KE019,Nyeri,2024-07,2,51250,0.25
KE019,Nyeri,2024-07,3,0,0.0
KE019,Nyeri,2024-07,3+,0,0.0
KE019,Nyeri,2024-07,4,0,0.0
KE019,Nyeri,2024-07,5,0,0.0
KE019,Nyeri,2024-07,all,205000,1.0
KE019,Nyeri,2025-02,1,123000,0.6
KE019,Nyeri,2025-02,2,71750,0.35
KE019,Nyeri,2025-02,3,10250,0.05
KE019,Nyeri,2025-02,3+,10250,0.05
KE019,Nyeri,2025-02,4,0,0.0
KE019,Nyeri,2025-02,5,0,0.0
KE019,Nyeri,2025-02,all,205000,1.0
KE019,Nyeri,2025-07,1,112750,0.55
KE019,Nyeri,2025-07,2,82000,0.4
KE019,Nyeri,2025-07,3,10250,0.05
KE019,Nyeri,2025-07,3+,10250,0.05
KE019,Nyeri,2025-07,4,0,0.0
KE019,Nyeri,2025-07,5,0,0.0
KE019,Nyeri,2025-07,all,205000,1.0
KE025,Samburu,2019-07,1,85134,0.3
KE025,Samburu,2019-07,2,127701,0.45
KE025,Samburu,2019-07,3,70945,0.25
KE025,Samburu,2019-07,3+,70945,0.25
KE025,Samburu,2019-07,4,0,0.0
KE025,Samburu,2019-07,5,0,0.0
KE025,Samburu,2019-07,all,283780,1.0
KE025,Samburu,2020-02,1,155164,0.5
KE025,Samburu,2020-02,2,108614,0.35
KE025,Samburu,2020-02,3,31033,0.1
KE025,Samburu,2020-02,3+,46549,0.15
KE025,Samburu,2020-02,4,15516,0.05
KE025,Samburu,2020-02,5,0,0.0
KE025,Samburu,2020-02,all,310327,1.0
KE025,Samburu,2020-08,1,170680,0.55
KE025,Samburu,2020-08,2,108614,0.35
KE025,Samburu,2020-08,3,31033,0.1
KE025,Samburu,2020-08,3+,31033,0.1
KE025,Samburu,2020-08,4,0,0.0
KE025,Samburu,2020-08,5,0,0.0
KE025,Samburu,2020-08,all,310327,1.0
KE025,Samburu,2021-02,1,170680,0.55
KE025,Samburu,2021-02,2,93098,0.3
KE025,Samburu,2021-02,3,31033,0.1
KE025,Samburu,2021-02,3+,46549,0.15
KE025,Samburu,2021-02,4,15516,0.05
KE025,Samburu,2021-02,5,0,0.0
KE025,Samburu,2021-02,all,310327,1.0
KE025,Samburu,2021-07,1,139647,0.45
KE025,Samburu,2021-07,2,124131,0.4
KE025,Samburu,2021-07,3,31033,0.1
KE025,Samburu,2021-07,3+,46549,0.15
KE025,Samburu,2021-07,4,15516,0.05
KE025,Samburu,2021-07,5,0,0.0
KE025,Samburu,2021-07,all,310327,1.0
KE025,Samburu,2022-02,1,77582,0.25
KE025,Samburu,2022-02,2,124131,0.4
KE025,Samburu,2022-02,3,77582,0.25
KE025,Samburu,2022-02,3+,108615,0.35
KE025,Samburu,2022-02,4,31033,0.1
KE025,Samburu,2022-02,5,0,0.0
KE025,Samburu,2022-02,all,310327,1.0
KE025,Samburu,2022-07,1,46549,0.15
KE025,Samburu,2022-07,2,124131,0.4
KE025,Samburu,2022-07,3,93098,0.3
KE025,Samburu,2022-07,3+,139647,0.45
KE025,Samburu,2022-07,4,46549,0.15
KE025,Samburu,2022-07,5,0,0.0
KE025,Samburu,2022-07,all,310327,1.0
KE025,Samburu,2023-02,1,34830,0.1
KE025,Samburu,2023-02,2,156734,0.45
KE025,Samburu,2023-02,3,121904,0.35
KE025,Samburu,2023-02,3+,156734,0.45
KE025,Samburu,2023-02,4,34830,0.1
KE025,Samburu,2023-02,5,0,0.0
KE025,Samburu,2023-02,all,348298,1.0
KE025,Samburu,2023-07,1,121800,0.35
KE025,Samburu,2023-07,2,121800,0.35
KE025,Samburu,2023-07,3,87000,0.25
KE025,Samburu,2023-07,3+,104400,0.3
KE025,Samburu,2023-07,4,17400,0.05
KE025,Samburu,2023-07,5,0,0.0
KE025,Samburu,2023-07,all,348000,1.0
KE025,Samburu,2024-02,1,121800,0.35
KE025,Samburu,2024-02,2,174000,0.5
KE025,Samburu,2024-02,3,34800,0.1
KE025,Samburu,2024-02,3+,52200,0.15
KE025,Samburu,2024-02,4,17400,0.05
KE025,Samburu,2024-02,5,0,0.0
KE025,Samburu,2024-02,all,348000,1.0
KE025,Samburu,2024-07,1,174000,0.5
KE025,Samburu,2024-07,2,139200,0.4
KE025,Samburu,2024-07,3,34800,0.1
KE025,Samburu,2024-07,3+,34800,0.1
KE025,Samburu,2024-07,4,0,0.0
KE025,Samburu,2024-07,5,0,0.0
KE025,Samburu,2024-07,all,348000,1.0
KE025,Samburu,2025-02,1,139200,0.4
KE025,Samburu,2025-02,2,156600,0.45
KE025,Samburu,2025-02,3,52200,0.15
KE025,Samburu,2025-02,3+,52200,0.15
KE025,Samburu,2025-02,4,0,0.0
KE025,Samburu,2025-02,5,0,0.0
KE025,Samburu,2025-02,all,348000,1.0
KE025,Samburu,2025-07,1,174000,0.5
KE025,Samburu,2025-07,2,139200,0.4
KE025,Samburu,2025-07,3,34800,0.1
KE025,Samburu,2025-07,3+,34800,0.1
KE025,Samburu,2025-07,4,0,0.0
KE025,Samburu,2025-07,5,0,0.0
KE025,Samburu,2025-07,all,348000,1.0
KE006,Taita Taveta,2019-07,1,143269,0.4
KE006,Taita Taveta,2019-07,2,179087,0.5
KE006,Taita Taveta,2019-07,3,35817,0.1
KE006,Taita Taveta,2019-07,3+,35817,0.1
KE006,Taita Taveta,2019-07,4,0,0.0
KE006,Taita Taveta,2019-07,5,0,0.0
KE006,Taita Taveta,2019-07,all,358173,1.0
KE006,Taita Taveta,2020-02,1,289570,0.85
KE006,Taita Taveta,2020-02,2,34067,0.1
KE006,Taita Taveta,2020-02,3,17034,0.05
KE006,Taita Taveta,2020-02,3+,17034,0.05
KE006,Taita Taveta,2020-02,4,0,0.0
KE006,Taita Taveta,2020-02,5,0,0.0
KE006,Taita Taveta,2020-02,all,340671,1.0
KE006,Taita Taveta,2020-08,1,306604,0.9
KE006,Taita Taveta,2020-08,2,34067,0.1
KE006,Taita Taveta,2020-08,3,0,0.0
KE006,Taita Taveta,2020-08,3+,0,0.0
KE006,Taita Taveta,2020-08,4,0,0.0
KE006,Taita Taveta,2020-08,5,0,0.0
KE006,Taita Taveta,2020-08,all,340671,1.0
KE006,Taita Taveta,2021-02,1,289570,0.85
KE006,Taita Taveta,2021-02,2,34067,0.1
KE006,Taita Taveta,2021-02,3,17034,0.05
KE006,Taita Taveta,2021-02,3+,17034,0.05
KE006,Taita Taveta,2021-02,4,0,0.0
KE006,Taita Taveta,2021-02,5,0,0.0
KE006,Taita Taveta,2021-02,all,340671,1.0
KE006,Taita Taveta,2021-07,1,289570,0.85
KE006,Taita Taveta,2021-07,2,34067,0.1
KE006,Taita Taveta,2021-07,3,17034,0.05
KE006,Taita Taveta,2021-07,3+,17034,0.05
KE006,Taita Taveta,2021-07,4,0,0.0
KE006,Taita Taveta,2021-07,5,0,0.0
KE006,Taita Taveta,2021-07,all,340671,1.0
KE006,Taita Taveta,2022-02,1,204403,0.6
KE006,Taita Taveta,2022-02,2,102201,0.3
KE006,Taita Taveta,2022-02,3,34067,0.1
KE006,Taita Taveta,2022-02,3+,34067,0.1
KE006,Taita Taveta,2022-02,4,0,0.0
KE006,Taita Taveta,2022-02,5,0,0.0
KE006,Taita Taveta,2022-02,all,340671,1.0
KE006,Taita Taveta,2022-07,1,170336,0.5
KE006,Taita Taveta,2022-07,2,136268,0.4
KE006,Taita Taveta,2022-07,3,34067,0.1
KE006,Taita Taveta,2022-07,3+,34067,0.1
KE006,Taita Taveta,2022-07,4,0,0.0
KE006,Taita Taveta,2022-07,5,0,0.0
KE006,Taita Taveta,2022-07,all,340671,1.0
KE006,Taita Taveta,2023-02,1,90998,0.25
KE006,Taita Taveta,2023-02,2,218394,0.6
KE006,Taita Taveta,2023-02,3,54599,0.15
KE006,Taita Taveta,2023-02,3+,54599,0.15
KE006,Taita Taveta,2023-02,4,0,0.0
KE006,Taita Taveta,2023-02,5,0,0.0
KE006,Taita Taveta,2023-02,all,363990,1.0
KE006,Taita Taveta,2023-07,1,91000,0.25
KE006,Taita Taveta,2023-07,2,218400,0.6
KE006,Taita Taveta,2023-07,3,54600,0.15
KE006,Taita Taveta,2023-07,3+,54600,0.15
KE006,Taita Taveta,2023-07,4,0,0.0
KE006,Taita Taveta,2023-07,5,0,0.0
KE006,Taita Taveta,2023-07,all,364000,1.0
KE006,Taita Taveta,2024-02,1,327600,0.9
KE006,Taita Taveta,2024-02,2,36400,0.1
KE006,Taita Taveta,2024-02,3,0,0.0
KE006,Taita Taveta,2024-02,3+,0,0.0
KE006,Taita Taveta,2024-02,4,0,0.0
KE006,Taita Taveta,2024-02,5,0,0.0
KE006,Taita Taveta,2024-02,all,364000,1.0
KE006,Taita Taveta,2024-07,1,327600,0.9
KE006,Taita Taveta,2024-07,2,36400,0.1
KE006,Taita Taveta,2024-07,3,0,0.0
KE006,Taita Taveta,2024-07,3+,0,0.0
KE006,Taita Taveta,2024-07,4,0,0.0
KE006,Taita Taveta,2024-07,5,0,0.0
KE006,Taita Taveta,2024-07,all,364000,1.0
KE006,Taita Taveta,2025-02,1,309400,0.85
KE006,Taita Taveta,2025-02,2,36400,0.1
KE006,Taita Taveta,2025-02,3,18200,0.05
KE006,Taita Taveta,2025-02,3+,18200,0.05
KE006,Taita Taveta,2025-02,4,0,0.0
KE006,Taita Taveta,2025-02,5,0,0.0
KE006,Taita Taveta,2025-02,all,364000,1.0
KE006,Taita Taveta,2025-07,1,291200,0.8
KE006,Taita Taveta,2025-07,2,72800,0.2
KE006,Taita Taveta,2025-07,3,0,0.0
KE006,Taita Taveta,2025-07,3+,0,0.0
KE006,Taita Taveta,2025-07,4,0,0.0
KE006,Taita Taveta,2025-07,5,0,0.0
KE006,Taita Taveta,2025-07,all,364000,1.0
KE004,Tana River,2019-07,1,75762,0.25
KE004,Tana River,2019-07,2,136371,0.45
KE004,Tana River,2019-07,3,75762,0.25
KE004,Tana River,2019-07,3+,90914,0.3
KE004,Tana River,2019-07,4,15152,0.05
KE004,Tana River,2019-07,5,0,0.0
KE004,Tana River,2019-07,all,303047,1.0
KE004,Tana River,2020-02,1,126377,0.4
KE004,Tana River,2020-02,2,142174,0.45
KE004,Tana River,2020-02,3,47391,0.15
KE004,Tana River,2020-02,3+,47391,0.15
KE004,Tana River,2020-02,4,0,0.0
KE004,Tana River,2020-02,5,0,0.0
KE004,Tana River,2020-02,all,315943,1.0
KE004,Tana River,2020-08,1,126377,0.4
KE004,Tana River,2020-08,2,157972,0.5
KE004,Tana River,2020-08,3,31594,0.1
KE004,Tana River,2020-08,3+,31594,0.1
KE004,Tana River,2020-08,4,0,0.0
KE004,Tana River,2020-08,5,0,0.0
KE004,Tana River,2020-08,all,315943,1.0
KE004,Tana River,2021-02,1,110580,0.35
KE004,Tana River,2021-02,2,157972,0.5
KE004,Tana River,2021-02,3,31594,0.1
KE004,Tana River,2021-02,3+,47391,0.15
KE004,Tana River,2021-02,4,15797,0.05
KE004,Tana River,2021-02,5,0,0.0
KE004,Tana River,2021-02,all,315943,1.0
KE004,Tana River,2021-07,1,126377,0.4
KE004,Tana River,2021-07,2,126377,0.4
KE004,Tana River,2021-07,3,47391,0.15
KE004,Tana River,2021-07,3+,63188,0.2
KE004,Tana River,2021-07,4,15797,0.05
KE004,Tana River,2021-07,5,0,0.0
KE004,Tana River,2021-07,all,315943,1.0
KE004,Tana River,2022-02,1,78986,0.25
KE004,Tana River,2022-02,2,157972,0.5
KE004,Tana River,2022-02,3,63189,0.2
KE004,Tana River,2022-02,3+,78986,0.25
KE004,Tana River,2022-02,4,15797,0.05
KE004,Tana River,2022-02,5,0,0.0
KE004,Tana River,2022-02,all,315943,1.0
KE004,Tana River,2022-07,1,31594,0.1
KE004,Tana River,2022-07,2,189566,0.6
KE004,Tana River,2022-07,3,78986,0.25
KE004,Tana River,2022-07,3+,94783,0.3
KE004,Tana River,2022-07,4,15797,0.05
KE004,Tana River,2022-07,5,0,0.0
KE004,Tana River,2022-07,all,315943,1.0
KE004,Tana River,2023-02,1,52882,0.15
KE004,Tana River,2023-02,2,141020,0.4
KE004,Tana River,2023-02,3,141020,0.4
KE004,Tana River,2023-02,3+,158647,0.45
KE004,Tana River,2023-02,4,17627,0.05
KE004,Tana River,2023-02,5,0,0.0
KE004,Tana River,2023-02,all,352549,1.0
KE004,Tana River,2023-07,1,88250,0.25
KE004,Tana River,2023-07,2,176500,0.5
KE004,Tana River,2023-07,3,70600,0.2
KE004,Tana River,2023-07,3+,88250,0.25
KE004,Tana River,2023-07,4,17650,0.05
KE004,Tana River,2023-07,5,0,0.0
KE004,Tana River,2023-07,all,353000,1.0
KE004,Tana River,2024-02,1,176500,0.5
KE004,Tana River,2024-02,2,123550,0.35
KE004,Tana River,2024-02,3,52950,0.15
KE004,Tana River,2024-02,3+,52950,0.15
KE004,Tana River,2024-02,4,0,0.0
KE004,Tana River,2024-02,5,0,0.0
KE004,Tana River,2024-02,all,353000,1.0
KE004,Tana River,2024-07,1,141200,0.4
KE004,Tana River,2024-07,2,158850,0.45
KE004,Tana River,2024-07,3,52950,0.15
KE004,Tana River,2024-07,3+,52950,0.15
KE004,Tana River,2024-07,4,0,0.0
KE004,Tana River,2024-07,5,0,0.0
KE004,Tana River,2024-07,all,353000,1.0
KE004,Tana River,2025-02,1,123549,0.35
KE004,Tana River,2025-02,2,176500,0.5
KE004,Tana River,2025-02,3,52950,0.15
KE004,Tana River,2025-02,3+,52950,0.15
KE004,Tana River,2025-02,4,0,0.0
KE004,Tana River,2025-02,5,0,0.0
KE004,Tana River,2025-02,all,353000,1.0
KE004,Tana River,2025-07,1,158850,0.45
KE004,Tana River,2025-07,2,141200,0.4
KE004,Tana River,2025-07,3,52950,0.15
KE004,Tana River,2025-07,3+,52950,0.15
KE004,Tana River,2025-07,4,0,0.0
KE004,Tana River,2025-07,5,0,0.0
KE004,Tana River,2025-07,all,353000,1.0
KE013,Tharaka-Nithi,2019-07,1,79223,0.2
KE013,Tharaka-Nithi,2019-07,2,237669,0.6
KE013,Tharaka-Nithi,2019-07,3,79223,0.2
KE013,Tharaka-Nithi,2019-07,3+,79223,0.2
KE013,Tharaka-Nithi,2019-07,4,0,0.0
KE013,Tharaka-Nithi,2019-07,5,0,0.0
KE013,Tharaka-Nithi,2019-07,all,396115,1.0
KE013,Tharaka-Nithi,2020-02,1,120236,0.9
KE013,Tharaka-Nithi,2020-02,2,6680,0.05
KE013,Tharaka-Nithi,2020-02,3,6680,0.05
KE013,Tharaka-Nithi,2020-02,3+,6680,0.05
KE013,Tharaka-Nithi,2020-02,4,0,0.0
KE013,Tharaka-Nithi,2020-02,5,0,0.0
KE013,Tharaka-Nithi,2020-02,all,133595,1.0
KE013,Tharaka-Nithi,2020-08,1,93153,0.7
KE013,Tharaka-Nithi,2020-08,2,39923,0.3
KE013,Tharaka-Nithi,2020-08,3,0,0.0
KE013,Tharaka-Nithi,2020-08,3+,0,0.0
KE013,Tharaka-Nithi,2020-08,4,0,0.0
KE013,Tharaka-Nithi,2020-08,5,0,0.0
KE013,Tharaka-Nithi,2020-08,all,133076,1.0
KE013,Tharaka-Nithi,2021-02,1,66798,0.5
KE013,Tharaka-Nithi,2021-02,2,46758,0.35
KE013,Tharaka-Nithi,2021-02,3,20039,0.15
KE013,Tharaka-Nithi,2021-02,3+,20039,0.15
KE013,Tharaka-Nithi,2021-02,4,0,0.0
KE013,Tharaka-Nithi,2021-02,5,0,0.0
KE013,Tharaka-Nithi,2021-02,all,133595,1.0
KE013,Tharaka-Nithi,2021-07,1,106876,0.8
KE013,Tharaka-Nithi,2021-07,2,20039,0.15
KE013,Tharaka-Nithi,2021-07,3,6680,0.05
KE013,Tharaka-Nithi,2021-07,3+,6680,0.05
KE013,Tharaka-Nithi,2021-07,4,0,0.0
KE013,Tharaka-Nithi,2021-07,5,0,0.0
KE013,Tharaka-Nithi,2021-07,all,133595,1.0
KE013,Tharaka-Nithi,2022-02,1,46758,0.35
KE013,Tharaka-Nithi,2022-02,2,73477,0.55
KE013,Tharaka-Nithi,2022-02,3,13360,0.1
KE013,Tharaka-Nithi,2022-02,3+,13360,0.1
KE013,Tharaka-Nithi,2022-02,4,0,0.0
KE013,Tharaka-Nithi,2022-02,5,0,0.0
KE013,Tharaka-Nithi,2022-02,all,133595,1.0
KE013,Tharaka-Nithi,2022-07,1,46758,0.35
KE013,Tharaka-Nithi,2022-07,2,60118,0.45
KE013,Tharaka-Nithi,2022-07,3,26719,0.2
KE013,Tharaka-Nithi,2022-07,3+,26719,0.2
KE013,Tharaka-Nithi,2022-07,4,0,0.0
KE013,Tharaka-Nithi,2022-07,5,0,0.0
KE013,Tharaka-Nithi,2022-07,all,133595,1.0
KE013,Tharaka-Nithi,2023-02,1,88855,0.5
KE013,Tharaka-Nithi,2023-02,2,71084,0.4
KE013,Tharaka-Nithi,2023-02,3,17771,0.1
KE013,Tharaka-Nithi,2023-02,3+,17771,0.1
KE013,Tharaka-Nithi,2023-02,4,0,0.0
KE013,Tharaka-Nithi,2023-02,5,0,0.0
KE013,Tharaka-Nithi,2023-02,all,177709,1.0
KE013,Tharaka-Nithi,2023-07,1,71200,0.4
KE013,Tharaka-Nithi,2023-07,2,97900,0.55
KE013,Tharaka-Nithi,2023-07,3,8900,0.05
KE013,Tharaka-Nithi,2023-07,3+,8900,0.05
KE013,Tharaka-Nithi,2023-07,4,0,0.0
KE013,Tharaka-Nithi,2023-07,5,0,0.0
KE013,Tharaka-Nithi,2023-07,all,178000,1.0
KE013,Tharaka-Nithi,2024-02,1,142400,0.8
KE013,Tharaka-Nithi,2024-02,2,26700,0.15
KE013,Tharaka-Nithi,2024-02,3,8900,0.05
KE013,Tharaka-Nithi,2024-02,3+,8900,0.05
KE013,Tharaka-Nithi,2024-02,4,0,0.0
KE013,Tharaka-Nithi,2024-02,5,0,0.0
KE013,Tharaka-Nithi,2024-02,all,178000,1.0
KE013,Tharaka-Nithi,2024-07,1,151300,0.85
KE013,Tharaka-Nithi,2024-07,2,26700,0.15
KE013,Tharaka-Nithi,2024-07,3,0,0.0
KE013,Tharaka-Nithi,2024-07,3+,0,0.0
KE013,Tharaka-Nithi,2024-07,4,0,0.0
KE013,Tharaka-Nithi,2024-07,5,0,0.0
KE013,Tharaka-Nithi,2024-07,all,178000,1.0
KE013,Tharaka-Nithi,2025-02,1,115700,0.65
KE013,Tharaka-Nithi,2025-02,2,53400,0.3
KE013,Tharaka-Nithi,2025-02,3,8900,0.05
KE013,Tharaka-Nithi,2025-02,3+,8900,0.05
KE013,Tharaka-Nithi,2025-02,4,0,0.0
KE013,Tharaka-Nithi,2025-02,5,0,0.0
KE013,Tharaka-Nithi,2025-02,all,178000,1.0
KE013,Tharaka-Nithi,2025-07,1,142400,0.8
KE013,Tharaka-Nithi,2025-07,2,35600,0.2
KE013,Tharaka-Nithi,2025-07,3,0,0.0
KE013,Tharaka-Nithi,2025-07,3+,0,0.0
KE013,Tharaka-Nithi,2025-07,4,0,0.0
KE013,Tharaka-Nithi,2025-07,5,0,0.0
KE013,Tharaka-Nithi,2025-07,all,178000,1.0
KE023,Turkana,2019-07,1,216731,0.2
KE023,Turkana,2019-07,2,487644,0.45
KE023,Turkana,2019-07,3,270913,0.25
KE023,Turkana,2019-07,3+,379278,0.35
KE023,Turkana,2019-07,4,108365,0.1
KE023,Turkana,2019-07,5,0,0.0
KE023,Turkana,2019-07,all,1083653,1.0
KE023,Turkana,2020-02,1,463488,0.5
KE023,Turkana,2020-02,2,324442,0.35
KE023,Turkana,2020-02,3,92698,0.1
KE023,Turkana,2020-02,3+,139047,0.15
KE023,Turkana,2020-02,4,46349,0.05
KE023,Turkana,2020-02,5,0,0.0
KE023,Turkana,2020-02,all,926976,1.0
KE023,Turkana,2020-08,1,278093,0.3
KE023,Turkana,2020-08,2,556186,0.6
KE023,Turkana,2020-08,3,92698,0.1
KE023,Turkana,2020-08,3+,92698,0.1
KE023,Turkana,2020-08,4,0,0.0
KE023,Turkana,2020-08,5,0,0.0
KE023,Turkana,2020-08,all,926976,1.0
KE023,Turkana,2021-02,1,370790,0.4
KE023,Turkana,2021-02,2,370790,0.4
KE023,Turkana,2021-02,3,139046,0.15
KE023,Turkana,2021-02,3+,185395,0.2
KE023,Turkana,2021-02,4,46349,0.05
KE023,Turkana,2021-02,5,0,0.0
KE023,Turkana,2021-02,all,926976,1.0
KE023,Turkana,2021-07,1,231744,0.25
KE023,Turkana,2021-07,2,324442,0.35
KE023,Turkana,2021-07,3,278093,0.3
KE023,Turkana,2021-07,3+,370791,0.4
KE023,Turkana,2021-07,4,92698,0.1
KE023,Turkana,2021-07,5,0,0.0
KE023,Turkana,2021-07,all,926976,1.0
KE023,Turkana,2022-02,1,231744,0.25
KE023,Turkana,2022-02,2,324442,0.35
KE023,Turkana,2022-02,3,278093,0.3
KE023,Turkana,2022-02,3+,370791,0.4
KE023,Turkana,2022-02,4,92698,0.1
KE023,Turkana,2022-02,5,0,0.0
KE023,Turkana,2022-02,all,926976,1.0
KE023,Turkana,2022-07,1,92698,0.1
KE023,Turkana,2022-07,2,370790,0.4
KE023,Turkana,2022-07,3,324442,0.35
KE023,Turkana,2022-07,3+,463488,0.5
KE023,Turkana,2022-07,4,139046,0.15
KE023,Turkana,2022-07,5,0,0.0
KE023,Turkana,2022-07,all,926976,1.0
KE023,Turkana,2023-02,1,204555,0.2
KE023,Turkana,2023-02,2,306832,0.3
KE023,Turkana,2023-02,3,357971,0.35
KE023,Turkana,2023-02,3+,511387,0.5
KE023,Turkana,2023-02,4,153416,0.15
KE023,Turkana,2023-02,5,0,0.0
KE023,Turkana,2023-02,all,1022773,1.0
KE023,Turkana,2023-07,1,306900,0.3
KE023,Turkana,2023-07,2,358050,0.35
KE023,Turkana,2023-07,3,255750,0.25
KE023,Turkana,2023-07,3+,358050,0.35
KE023,Turkana,2023-07,4,102300,0.1
KE023,Turkana,2023-07,5,0,0.0
KE023,Turkana,2023-07,all,1023000,1.0
KE023,Turkana,2024-02,1,306900,0.3
KE023,Turkana,2024-02,2,409200,0.4
KE023,Turkana,2024-02,3,204600,0.2
KE023,Turkana,2024-02,3+,306900,0.3
KE023,Turkana,2024-02,4,102300,0.1
KE023,Turkana,2024-02,5,0,0.0
KE023,Turkana,2024-02,all,1023000,1.0
KE023,Turkana,2024-07,1,105780,0.4
KE023,Turkana,2024-07,2,105780,0.4
KE023,Turkana,2024-07,3,39668,0.15
KE023,Turkana,2024-07,3+,52891,0.2
KE023,Turkana,2024-07,4,13223,0.05
KE023,Turkana,2024-07,5,0,0.0
KE023,Turkana,2024-07,all,264450,1.0
KE023,Turkana,2025-02,1,306900,0.3
KE023,Turkana,2025-02,2,409200,0.4
KE023,Turkana,2025-02,3,204600,0.2
KE023,Turkana,2025-02,3+,306900,0.3
KE023,Turkana,2025-02,4,102300,0.1
KE023,Turkana,2025-02,5,0,0.0
KE023,Turkana,2025-02,all,1023000,1.0
KE023,Turkana,2025-07,1,255750,0.25
KE023,Turkana,2025-07,2,562650,0.55
KE023,Turkana,2025-07,3,153450,0.15
KE023,Turkana,2025-07,3+,204600,0.2
KE023,Turkana,2025-07,4,51150,0.05
KE023,Turkana,2025-07,5,0,0.0
KE023,Turkana,2025-07,all,1023000,1.0
KE008,Wajir,2019-07,1,137670,0.3
KE008,Wajir,2019-07,2,206505,0.45
KE008,Wajir,2019-07,3,91780,0.2
KE008,Wajir,2019-07,3+,114725,0.25
KE008,Wajir,2019-07,4,22945,0.05
KE008,Wajir,2019-07,5,0,0.0
KE008,Wajir,2019-07,all,458900,1.0
KE008,Wajir,2020-02,1,273441,0.35
KE008,Wajir,2020-02,2,390630,0.5
KE008,Wajir,2020-02,3,78126,0.1
KE008,Wajir,2020-02,3+,117189,0.15
KE008,Wajir,2020-02,4,39063,0.05
KE008,Wajir,2020-02,5,0,0.0
KE008,Wajir,2020-02,all,781260,1.0
KE008,Wajir,2020-08,1,234378,0.3
KE008,Wajir,2020-08,2,429693,0.55
KE008,Wajir,2020-08,3,117189,0.15
KE008,Wajir,2020-08,3+,117189,0.15
KE008,Wajir,2020-08,4,0,0.0
KE008,Wajir,2020-08,5,0,0.0
KE008,Wajir,2020-08,all,781260,1.0
KE008,Wajir,2021-02,1,273442,0.35
KE008,Wajir,2021-02,2,429695,0.55
KE008,Wajir,2021-02,3,39063,0.05
KE008,Wajir,2021-02,3+,78126,0.1
KE008,Wajir,2021-02,4,39063,0.05
KE008,Wajir,2021-02,5,0,0.0
KE008,Wajir,2021-02,all,781263,1.0
KE008,Wajir,2021-07,1,156253,0.2
KE008,Wajir,2021-07,2,429695,0.55
KE008,Wajir,2021-07,3,156253,0.2
KE008,Wajir,2021-07,3+,195316,0.25
KE008,Wajir,2021-07,4,39063,0.05
KE008,Wajir,2021-07,5,0,0.0
KE008,Wajir,2021-07,all,781263,1.0
KE008,Wajir,2022-02,1,117189,0.15
KE008,Wajir,2022-02,2,390632,0.5
KE008,Wajir,2022-02,3,234379,0.3
KE008,Wajir,2022-02,3+,273442,0.35
KE008,Wajir,2022-02,4,39063,0.05
KE008,Wajir,2022-02,5,0,0.0
KE008,Wajir,2022-02,all,781263,1.0
KE008,Wajir,2022-07,1,78126,0.1
KE008,Wajir,2022-07,2,351568,0.45
KE008,Wajir,2022-07,3,273442,0.35
KE008,Wajir,2022-07,3+,351568,0.45
KE008,Wajir,2022-07,4,78126,0.1
KE008,Wajir,2022-07,5,0,0.0
KE008,Wajir,2022-07,all,781263,1.0
KE008,Wajir,2023-02,1,130595,0.15
KE008,Wajir,2023-02,2,261191,0.3
KE008,Wajir,2023-02,3,348254,0.4
KE008,Wajir,2023-02,3+,478849,0.55
KE008,Wajir,2023-02,4,130595,0.15
KE008,Wajir,2023-02,5,0,0.0
KE008,Wajir,2023-02,all,870636,1.0
KE008,Wajir,2023-07,1,174200,0.2
KE008,Wajir,2023-07,2,435500,0.5
KE008,Wajir,2023-07,3,217750,0.25
KE008,Wajir,2023-07,3+,261300,0.3
KE008,Wajir,2023-07,4,43550,0.05
KE008,Wajir,2023-07,5,0,0.0
KE008,Wajir,2023-07,all,871000,1.0
KE008,Wajir,2024-02,1,217750,0.25
KE008,Wajir,2024-02,2,479050,0.55
KE008,Wajir,2024-02,3,130650,0.15
KE008,Wajir,2024-02,3+,174200,0.2
KE008,Wajir,2024-02,4,43550,0.05
KE008,Wajir,2024-02,5,0,0.0
KE008,Wajir,2024-02,all,871000,1.0
KE008,Wajir,2024-07,1,261300,0.3
KE008,Wajir,2024-07,2,522600,0.6
KE008,Wajir,2024-07,3,87100,0.1
KE008,Wajir,2024-07,3+,87100,0.1
KE008,Wajir,2024-07,4,0,0.0
KE008,Wajir,2024-07,5,0,0.0
KE008,Wajir,2024-07,all,871000,1.0
KE008,Wajir,2025-02,1,174200,0.2
KE008,Wajir,2025-02,2,522600,0.6
KE008,Wajir,2025-02,3,130650,0.15
KE008,Wajir,2025-02,3+,174200,0.2
KE008,Wajir,2025-02,4,43550,0.05
KE008,Wajir,2025-02,5,0,0.0
KE008,Wajir,2025-02,all,871000,1.0
KE008,Wajir,2025-07,1,217750,0.25
KE008,Wajir,2025-07,2,522600,0.6
KE008,Wajir,2025-07,3,87100,0.1
KE008,Wajir,2025-07,3+,130650,0.15
KE008,Wajir,2025-07,4,43550,0.05
KE008,Wajir,2025-07,5,0,0.0
KE008,Wajir,2025-07,all,871000,1.0
KE024,West Pokot,2019-07,1,324709,0.5
KE024,West Pokot,2019-07,2,259767,0.4
KE024,West Pokot,2019-07,3,64942,0.1
KE024,West Pokot,2019-07,3+,64942,0.1
KE024,West Pokot,2019-07,4,0,0.0
KE024,West Pokot,2019-07,5,0,0.0
KE024,West Pokot,2019-07,all,649418,1.0
KE024,West Pokot,2020-02,1,590179,0.95
KE024,West Pokot,2020-02,2,31062,0.05
KE024,West Pokot,2020-02,3,0,0.0
KE024,West Pokot,2020-02,3+,0,0.0
KE024,West Pokot,2020-02,4,0,0.0
KE024,West Pokot,2020-02,5,0,0.0
KE024,West Pokot,2020-02,all,621241,1.0
KE024,West Pokot,2020-08,1,528055,0.85
KE024,West Pokot,2020-08,2,93186,0.15
KE024,West Pokot,2020-08,3,0,0.0
KE024,West Pokot,2020-08,3+,0,0.0
KE024,West Pokot,2020-08,4,0,0.0
KE024,West Pokot,2020-08,5,0,0.0
KE024,West Pokot,2020-08,all,621241,1.0
KE024,West Pokot,2021-02,1,434869,0.7
KE024,West Pokot,2021-02,2,124248,0.2
KE024,West Pokot,2021-02,3,62124,0.1
KE024,West Pokot,2021-02,3+,62124,0.1
KE024,West Pokot,2021-02,4,0,0.0
KE024,West Pokot,2021-02,5,0,0.0
KE024,West Pokot,2021-02,all,621241,1.0
KE024,West Pokot,2021-07,1,528055,0.85
KE024,West Pokot,2021-07,2,62124,0.1
KE024,West Pokot,2021-07,3,31062,0.05
KE024,West Pokot,2021-07,3+,31062,0.05
KE024,West Pokot,2021-07,4,0,0.0
KE024,West Pokot,2021-07,5,0,0.0
KE024,West Pokot,2021-07,all,621241,1.0
KE024,West Pokot,2022-02,1,496993,0.8
KE024,West Pokot,2022-02,2,93186,0.15
KE024,West Pokot,2022-02,3,31062,0.05
KE024,West Pokot,2022-02,3+,31062,0.05
KE024,West Pokot,2022-02,4,0,0.0
KE024,West Pokot,2022-02,5,0,0.0
KE024,West Pokot,2022-02,all,621241,1.0
KE024,West Pokot,2022-07,1,496993,0.8
KE024,West Pokot,2022-07,2,93186,0.15
KE024,West Pokot,2022-07,3,31062,0.05
KE024,West Pokot,2022-07,3+,31062,0.05
KE024,West Pokot,2022-07,4,0,0.0
KE024,West Pokot,2022-07,5,0,0.0
KE024,West Pokot,2022-07,all,621241,1.0
KE024,West Pokot,2023-02,1,541061,0.8
KE024,West Pokot,2023-02,2,101449,0.15
KE024,West Pokot,2023-02,3,33816,0.05
KE024,West Pokot,2023-02,3+,33816,0.05
KE024,West Pokot,2023-02,4,0,0.0
KE024,West Pokot,2023-02,5,0,0.0
KE024,West Pokot,2023-02,all,676326,1.0
KE024,West Pokot,2023-07,1,473200,0.7
KE024,West Pokot,2023-07,2,135200,0.2
KE024,West Pokot,2023-07,3,67600,0.1
KE024,West Pokot,2023-07,3+,67600,0.1
KE024,West Pokot,2023-07,4,0,0.0
KE024,West Pokot,2023-07,5,0,0.0
KE024,West Pokot,2023-07,all,676000,1.0
KE024,West Pokot,2024-02,1,574600,0.85
KE024,West Pokot,2024-02,2,101400,0.15
KE024,West Pokot,2024-02,3,0,0.0
KE024,West Pokot,2024-02,3+,0,0.0
KE024,West Pokot,2024-02,4,0,0.0
KE024,West Pokot,2024-02,5,0,0.0
KE024,West Pokot,2024-02,all,676000,1.0
KE024,West Pokot,2024-07,1,540800,0.8
KE024,West Pokot,2024-07,2,135200,0.2
KE024,West Pokot,2024-07,3,0,0.0
KE024,West Pokot,2024-07,3+,0,0.0
KE024,West Pokot,2024-07,4,0,0.0
KE024,West Pokot,2024-07,5,0,0.0
KE024,West Pokot,2024-07,all,676000,1.0
KE024,West Pokot,2025-02,1,405600,0.6
KE024,West Pokot,2025-02,2,236599,0.35
KE024,West Pokot,2025-02,3,33800,0.05
KE024,West Pokot,2025-02,3+,33800,0.05
KE024,West Pokot,2025-02,4,0,0.0
KE024,West Pokot,2025-02,5,0,0.0
KE024,West Pokot,2025-02,all,676000,1.0
KE024,West Pokot,2025-07,1,405600,0.6
KE024,West Pokot,2025-07,2,236599,0.35
KE024,West Pokot,2025-07,3,33800,0.05
KE024,West Pokot,2025-07,3+,33800,0.05
KE024,West Pokot,2025-07,4,0,0.0
KE024,West Pokot,2025-07,5,0,0.0
KE024,West Pokot,2025-07,all,676000,1.0
