pcode,county,year_month,price_beans,price_maize
KE030,Baringo,2015-01,104.0,42.0
KE030,Baringo,2015-02,107.0,47.0
KE030,Baringo,2015-03,112.0,38.0
KE030,Baringo,2015-04,105.0,42.0
KE030,Baringo,2015-05,106.0,45.0
KE030,Baringo,2015-06,113.0,45.0
KE030,Baringo,2015-07,105.0,44.0
KE030,Baringo,2015-08,102.0,46.0
KE030,Baringo,2015-09,102.0,44.0
KE030,Baringo,2015-10,103.0,37.0
KE030,Baringo,2015-11,94.0,39.0
KE030,Baringo,2015-12,101.0,41.0
KE030,Baringo,2016-01,108.0,41.0
KE030,Baringo,2016-02,97.0,39.0
KE030,Baringo,2016-03,96.0,40.0
KE030,Baringo,2016-05,97.0,43.0
KE030,Baringo,2016-06,90.0,39.0
KE030,Baringo,2016-07,103.0,41.0
KE030,Baringo,2016-08,94.0,41.0
KE030,Baringo,2016-09,90.0,37.0
KE030,Baringo,2016-10,98.0,43.0
KE030,Baringo,2016-11,123.0,48.0
KE030,Baringo,2016-12,106.0,48.0
KE030,Baringo,2017-01,108.0,55.0
KE030,Baringo,2017-02,112.0,52.0
KE030,Baringo,2017-03,114.0,57.0
KE030,Baringo,2017-04,127.0,62.0
KE030,Baringo,2017-05,138.0,73.0
KE030,Baringo,2017-06,129.0,81.0
KE030,Baringo,2017-07,118.0,58.0
KE030,Baringo,2017-08,120.0,52.0
KE030,Baringo,2017-09,104.0,53.0
KE030,Baringo,2017-10,108.0,53.0
KE030,Baringo,2017-11,121.0,50.0
KE030,Baringo,2017-12,120.0,48.0
KE030,Baringo,2018-01,106.0,52.0
KE030,Baringo,2018-02,111.0,53.0
KE030,Baringo,2018-03,112.0,52.0
KE030,Baringo,2018-04,113.0,43.0
KE030,Baringo,2018-05,105.0,44.0
KE030,Baringo,2018-06,108.0,40.0
KE030,Baringo,2018-07,98.0,42.0
KE030,Baringo,2018-08,100.0,38.0
KE030,Baringo,2018-09,103.0,36.0
KE030,Baringo,2018-10,103.0,33.0
KE030,Baringo,2018-11,105.0,35.0
KE030,Baringo,2018-12,107.0,36.0
KE030,Baringo,2019-01,109.0,36.0
KE030,Baringo,2019-02,111.0,
KE030,Baringo,2019-03,111.0,
KE030,Baringo,2019-04,117.0,44.0
KE030,Baringo,2019-05,105.0,52.0
KE030,Baringo,2019-06,121.0,51.0
KE030,Baringo,2019-07,139.2,55.7
KE030,Baringo,2019-08,126.3,54.6
KE030,Baringo,2019-09,113.0,46.5
KE030,Baringo,2019-10,109.0,44.0
KE030,Baringo,2019-11,108.0,44.0
KE030,Baringo,2019-12,115.0,46.0
KE030,Baringo,2020-01,124.0,46.0
KE030,Baringo,2020-02,111.0,47.3
KE030,Baringo,2020-03,114.2,48.5
KE030,Baringo,2020-04,121.51,51.7
KE030,Baringo,2020-05,125.2,52.0
KE030,Baringo,2020-06,131.9,51.0
KE030,Baringo,2020-07,126.0,47.0
KE030,Baringo,2020-08,120.0,41.0
KE030,Baringo,2020-09,107.0,39.0
KE030,Baringo,2020-10,114.0,39.0
KE030,Baringo,2020-11,117.0,39.0
KE030,Baringo,2020-12,114.0,40.0
KE030,Baringo,2023-12,155.33333333333334,82.5
KE030,Baringo,2024-03,177.2,82.66666666666667
KE030,Baringo,2025-03,145.0,53.0
KE007,Garissa,2015-01,,65.0
KE007,Garissa,2015-02,,65.0
KE007,Garissa,2015-03,,65.0
KE007,Garissa,2015-04,,65.0
KE007,Garissa,2015-05,,60.0
KE007,Garissa,2015-06,,50.0
KE007,Garissa,2015-07,,50.0
KE007,Garissa,2015-08,,50.0
KE007,Garissa,2015-09,,50.0
KE007,Garissa,2015-10,,50.0
KE007,Garissa,2015-11,,50.0
KE007,Garissa,2015-12,,50.0
KE007,Garissa,2016-01,,50.0
KE007,Garissa,2016-02,,50.0
KE007,Garissa,2016-03,,50.0
KE007,Garissa,2016-05,,51.0
KE007,Garissa,2016-06,,60.0
KE007,Garissa,2016-07,,50.0
KE007,Garissa,2016-08,,50.0
KE007,Garissa,2016-09,,50.0
KE007,Garissa,2016-10,,55.0
KE007,Garissa,2016-11,,55.0
KE007,Garissa,2016-12,,55.0
KE007,Garissa,2017-01,,55.0
KE007,Garissa,2017-02,,55.0
KE007,Garissa,2017-03,,59.0
KE007,Garissa,2017-04,,60.0
KE007,Garissa,2017-05,,50.0
KE007,Garissa,2017-06,,60.0
KE007,Garissa,2017-07,,60.0
KE007,Garissa,2017-08,,65.0
KE007,Garissa,2017-09,,65.0
KE007,Garissa,2017-10,,65.0
KE007,Garissa,2017-11,,65.0
KE007,Garissa,2017-12,,65.0
KE007,Garissa,2018-01,,65.0
KE007,Garissa,2018-02,,65.0
KE007,Garissa,2018-03,,65.0
KE007,Garissa,2018-04,,80.0
KE007,Garissa,2018-05,,60.0
KE007,Garissa,2018-06,,60.0
KE007,Garissa,2018-07,,60.0
KE007,Garissa,2018-08,,60.0
KE007,Garissa,2018-09,,60.0
KE007,Garissa,2018-10,,60.0
KE007,Garissa,2018-11,,60.0
KE007,Garissa,2018-12,,60.0
KE007,Garissa,2019-01,,65.0
KE007,Garissa,2019-02,,65.0
KE007,Garissa,2019-03,,65.0
KE007,Garissa,2019-04,,65.0
KE007,Garissa,2019-05,,65.0
KE007,Garissa,2019-06,,67.0
KE007,Garissa,2019-07,,68.0
KE007,Garissa,2019-08,,68.0
KE007,Garissa,2019-09,,68.0
KE007,Garissa,2019-10,,67.0
KE007,Garissa,2019-11,,68.0
KE007,Garissa,2019-12,,68.0
KE007,Garissa,2020-04,,68.0
KE007,Garissa,2020-05,,68.0
KE007,Garissa,2020-06,,68.0
KE007,Garissa,2020-07,,68.0
KE007,Garissa,2020-08,,68.0
KE007,Garissa,2020-09,,70.0
KE007,Garissa,2020-10,,70.0
KE007,Garissa,2020-11,,70.0
KE007,Garissa,2020-12,,70.0
KE007,Garissa,2023-12,174.33333333333334,100.4
KE007,Garissa,2024-03,165.55555555555554,96.72727272727273
KE007,Garissa,2024-06,162.44444444444446,87.0
KE007,Garissa,2024-09,164.0,89.57142857142857
KE007,Garissa,2025-03,125.0,81.0
KE007,Garissa,2025-06,130.0,63.0
KE007,Garissa,2025-09,118.33333333333333,65.0
KE007,Garissa,2025-12,108.66666666666667,60.0
KE011,Isiolo,2023-12,198.42857142857142,102.77777777777777
KE011,Isiolo,2024-03,173.28571428571428,84.8
KE011,Isiolo,2024-06,160.41666666666666,85.42857142857143
KE011,Isiolo,2024-09,135.14285714285714,81.27272727272727
KE011,Isiolo,2025-06,,116.0
KE011,Isiolo,2025-12,111.5,80.66666666666667
KE034,Kajiado,2015-01,87.3,41.1
KE034,Kajiado,2015-02,81.9,40.2
KE034,Kajiado,2015-03,82.2,41.5
KE034,Kajiado,2015-04,85.0,41.0
KE034,Kajiado,2015-05,90.0,44.0
KE034,Kajiado,2015-06,95.0,50.0
KE034,Kajiado,2015-07,96.0,50.0
KE034,Kajiado,2015-08,91.0,46.0
KE034,Kajiado,2015-09,94.0,48.0
KE034,Kajiado,2015-10,96.0,50.0
KE034,Kajiado,2015-11,96.67,51.25
KE034,Kajiado,2015-12,91.07,48.33
KE034,Kajiado,2016-01,73.0,48.0
KE034,Kajiado,2016-02,73.0,47.5
KE034,Kajiado,2016-03,79.17,48.33
KE034,Kajiado,2016-05,83.0,47.0
KE034,Kajiado,2016-06,80.0,45.0
KE034,Kajiado,2016-07,80.0,44.0
KE034,Kajiado,2016-08,83.0,44.0
KE034,Kajiado,2016-09,87.0,43.0
KE034,Kajiado,2016-10,92.0,46.0
KE034,Kajiado,2016-11,94.0,48.0
KE034,Kajiado,2016-12,94.0,48.0
KE034,Kajiado,2017-01,91.0,48.0
KE034,Kajiado,2017-02,97.0,52.0
KE034,Kajiado,2017-03,91.1,54.4
KE034,Kajiado,2017-04,130.0,65.0
KE034,Kajiado,2017-05,120.0,65.0
KE034,Kajiado,2017-06,125.0,65.0
KE034,Kajiado,2017-07,120.0,65.0
KE034,Kajiado,2017-08,130.0,68.0
KE034,Kajiado,2017-09,135.0,70.0
KE034,Kajiado,2017-10,139.0,73.0
KE034,Kajiado,2017-11,140.0,75.0
KE034,Kajiado,2017-12,120.0,60.0
KE034,Kajiado,2018-01,119.0,60.0
KE034,Kajiado,2018-02,100.0,60.0
KE034,Kajiado,2018-03,95.0,55.0
KE034,Kajiado,2018-04,100.0,50.0
KE034,Kajiado,2018-05,80.0,45.0
KE034,Kajiado,2018-06,80.0,45.0
KE034,Kajiado,2018-07,77.0,43.0
KE034,Kajiado,2018-08,72.0,40.0
KE034,Kajiado,2018-09,71.0,40.0
KE034,Kajiado,2018-10,75.0,45.0
KE034,Kajiado,2018-11,78.0,45.0
KE034,Kajiado,2018-12,84.0,48.0
KE034,Kajiado,2019-01,91.0,43.0
KE034,Kajiado,2019-02,92.0,45.0
KE034,Kajiado,2019-03,90.0,49.0
KE034,Kajiado,2019-04,104.0,52.0
KE034,Kajiado,2019-05,103.0,54.0
KE034,Kajiado,2019-06,94.0,52.0
KE034,Kajiado,2019-07,99.4,54.0
KE034,Kajiado,2019-08,100.2,60.8
KE034,Kajiado,2019-09,105.6,55.4
KE034,Kajiado,2019-10,92.0,49.0
KE034,Kajiado,2019-11,88.0,45.0
KE034,Kajiado,2019-12,105.0,46.0
KE034,Kajiado,2020-01,91.0,53.0
KE034,Kajiado,2020-02,93.0,50.0
KE034,Kajiado,2020-03,100.0,47.0
KE034,Kajiado,2020-04,105.0,54.0
KE034,Kajiado,2020-05,104.0,53.0
KE034,Kajiado,2020-06,107.0,54.0
KE034,Kajiado,2020-07,100.0,50.0
KE034,Kajiado,2020-09,101.0,53.0
KE034,Kajiado,2020-10,102.0,55.0
KE034,Kajiado,2020-11,100.0,53.0
KE034,Kajiado,2020-12,102.0,55.0
KE003,Kilifi,2015-01,83.1,33.9
KE003,Kilifi,2015-02,87.4,37.5
KE003,Kilifi,2015-03,86.1,37.7
KE003,Kilifi,2015-04,88.9,37.0
KE003,Kilifi,2015-05,93.0,36.0
KE003,Kilifi,2015-06,95.0,36.0
KE003,Kilifi,2015-07,96.0,34.0
KE003,Kilifi,2015-08,96.0,35.0
KE003,Kilifi,2015-09,91.0,35.0
KE003,Kilifi,2015-10,87.0,38.0
KE003,Kilifi,2015-11,88.0,37.0
KE003,Kilifi,2015-12,88.0,37.0
KE003,Kilifi,2016-01,90.0,38.0
KE003,Kilifi,2016-02,87.0,39.0
KE003,Kilifi,2016-03,84.0,39.0
KE003,Kilifi,2016-05,86.0,38.0
KE003,Kilifi,2016-06,83.0,44.0
KE003,Kilifi,2016-07,89.0,40.0
KE003,Kilifi,2016-08,88.0,39.0
KE003,Kilifi,2016-09,88.0,42.0
KE003,Kilifi,2016-10,92.0,42.0
KE003,Kilifi,2016-11,92.0,42.0
KE003,Kilifi,2016-12,96.0,43.0
KE003,Kilifi,2017-01,98.0,40.0
KE003,Kilifi,2017-02,100.0,48.0
KE003,Kilifi,2017-03,120.0,58.0
KE003,Kilifi,2017-04,117.3,60.0
KE003,Kilifi,2017-05,124.1,87.9
KE003,Kilifi,2017-06,121.3,57.9
KE003,Kilifi,2017-07,125.3,60.6
KE003,Kilifi,2017-08,114.8,47.8
KE003,Kilifi,2017-09,112.8,46.0
KE003,Kilifi,2017-10,107.6,39.2
KE003,Kilifi,2017-11,115.5,62.6
KE003,Kilifi,2017-12,114.3,46.3
KE003,Kilifi,2018-01,112.6,47.8
KE003,Kilifi,2018-02,108.3,48.2
KE003,Kilifi,2018-03,104.52,47.5
KE003,Kilifi,2018-04,101.2,45.3
KE003,Kilifi,2018-05,99.5,43.7
KE003,Kilifi,2018-06,100.8,42.5
KE003,Kilifi,2018-07,92.6,39.6
KE003,Kilifi,2018-08,90.2,39.9
KE003,Kilifi,2018-09,79.8,41.6
KE003,Kilifi,2018-10,70.5,37.8
KE003,Kilifi,2018-11,80.0,38.9
KE003,Kilifi,2018-12,75.2,39.5
KE003,Kilifi,2019-01,76.0,41.1
KE003,Kilifi,2019-02,74.5,41.1
KE003,Kilifi,2019-03,76.0,37.3
KE003,Kilifi,2019-04,85.2,45.1
KE003,Kilifi,2019-05,97.5,49.1
KE003,Kilifi,2019-06,103.8,45.0
KE003,Kilifi,2019-07,119.0,47.9
KE003,Kilifi,2019-08,115.0,47.2
KE003,Kilifi,2019-09,102.1,45.5
KE003,Kilifi,2019-10,107.9,47.9
KE003,Kilifi,2019-11,113.2,45.5
KE003,Kilifi,2019-12,105.9,47.3
KE003,Kilifi,2020-01,107.0,46.9
KE003,Kilifi,2020-02,103.5,45.7
KE003,Kilifi,2020-03,104.1,41.9
KE003,Kilifi,2020-04,106.0,49.6
KE003,Kilifi,2020-05,99.3,44.8
KE003,Kilifi,2020-06,107.3,43.7
KE003,Kilifi,2020-07,106.6,44.3
KE003,Kilifi,2020-08,106.4,41.7
KE003,Kilifi,2020-09,104.5,38.1
KE003,Kilifi,2020-10,105.9,41.9
KE003,Kilifi,2020-11,103.9,39.9
KE003,Kilifi,2020-12,106.3,37.6
KE003,Kilifi,2025-03,128.0,37.6
KE015,Kitui,2006-01,39.0,17.0
KE015,Kitui,2006-02,42.0,18.0
KE015,Kitui,2006-03,47.0,18.0
KE015,Kitui,2006-04,53.0,19.0
KE015,Kitui,2006-05,51.0,22.0
KE015,Kitui,2006-06,53.0,22.0
KE015,Kitui,2006-07,51.0,22.0
KE015,Kitui,2006-08,42.0,21.0
KE015,Kitui,2006-09,42.0,19.0
KE015,Kitui,2006-10,44.0,19.0
KE015,Kitui,2006-11,44.0,19.0
KE015,Kitui,2006-12,44.0,20.0
KE015,Kitui,2007-01,37.0,18.0
KE015,Kitui,2007-02,30.0,17.0
KE015,Kitui,2007-03,23.0,8.0
KE015,Kitui,2007-04,30.0,8.0
KE015,Kitui,2007-05,34.0,8.0
KE015,Kitui,2007-06,35.0,9.0
KE015,Kitui,2007-07,35.0,9.0
KE015,Kitui,2007-08,35.0,9.0
KE015,Kitui,2007-09,35.0,9.0
KE015,Kitui,2007-10,35.0,9.0
KE015,Kitui,2007-11,40.0,9.0
KE015,Kitui,2007-12,50.0,14.0
KE015,Kitui,2008-01,55.0,16.0
KE015,Kitui,2008-02,60.0,15.0
KE015,Kitui,2008-03,60.0,15.0
KE015,Kitui,2008-04,40.0,13.0
KE015,Kitui,2008-05,50.0,20.0
KE015,Kitui,2008-06,55.0,22.0
KE015,Kitui,2008-07,70.0,27.0
KE015,Kitui,2008-08,70.0,30.0
KE015,Kitui,2008-09,70.0,30.0
KE015,Kitui,2008-10,80.0,34.0
KE015,Kitui,2008-11,80.0,35.0
KE015,Kitui,2008-12,65.0,30.0
KE015,Kitui,2009-01,65.0,30.0
KE015,Kitui,2009-02,65.0,35.0
KE015,Kitui,2009-03,65.0,35.0
KE015,Kitui,2009-04,70.0,35.0
KE015,Kitui,2009-05,75.0,36.0
KE015,Kitui,2009-06,80.0,36.0
KE015,Kitui,2009-07,70.0,33.0
KE015,Kitui,2009-08,60.0,30.0
KE015,Kitui,2009-09,60.0,30.0
KE015,Kitui,2009-10,60.0,30.0
KE015,Kitui,2009-11,60.0,30.0
KE015,Kitui,2009-12,60.0,30.0
KE015,Kitui,2010-01,60.0,30.0
KE015,Kitui,2010-02,50.0,20.0
KE015,Kitui,2010-03,50.0,16.0
KE015,Kitui,2010-04,45.0,13.0
KE015,Kitui,2010-05,45.0,13.0
KE015,Kitui,2010-06,40.0,6.0
KE015,Kitui,2010-07,45.0,15.0
KE015,Kitui,2010-08,50.0,13.0
KE015,Kitui,2010-09,50.0,13.0
KE015,Kitui,2010-10,60.0,14.0
KE015,Kitui,2010-11,60.0,18.0
KE015,Kitui,2010-12,60.0,16.0
KE015,Kitui,2011-01,60.0,17.0
KE015,Kitui,2011-02,70.0,17.0
KE015,Kitui,2011-03,70.0,22.0
KE015,Kitui,2011-04,80.0,30.0
KE015,Kitui,2011-05,85.0,45.0
KE015,Kitui,2011-06,85.0,46.0
KE015,Kitui,2011-07,85.0,45.0
KE015,Kitui,2011-08,86.0,39.0
KE015,Kitui,2011-09,75.0,41.0
KE015,Kitui,2011-10,77.47,40.62
KE015,Kitui,2011-11,76.53,41.63
KE015,Kitui,2011-12,96.27,42.55
KE015,Kitui,2012-01,72.0,42.0
KE015,Kitui,2012-02,72.0,38.0
KE015,Kitui,2012-03,74.31,37.0
KE015,Kitui,2012-04,78.35,37.0
KE015,Kitui,2012-05,77.86,41.0
KE015,Kitui,2012-06,83.0,41.0
KE015,Kitui,2012-07,82.0,41.0
KE015,Kitui,2012-08,81.0,42.0
KE015,Kitui,2012-09,84.0,40.0
KE015,Kitui,2012-10,80.0,40.0
KE015,Kitui,2012-11,81.0,39.0
KE015,Kitui,2012-12,77.0,37.0
KE015,Kitui,2013-01,60.0,37.0
KE015,Kitui,2013-02,65.6,33.0
KE015,Kitui,2013-03,67.0,30.0
KE015,Kitui,2013-04,73.0,34.0
KE015,Kitui,2013-05,76.0,31.0
KE015,Kitui,2013-06,75.0,33.0
KE015,Kitui,2013-07,71.0,32.0
KE015,Kitui,2013-08,74.0,33.0
KE015,Kitui,2013-09,78.0,34.0
KE015,Kitui,2013-10,77.0,37.0
KE015,Kitui,2013-11,78.0,38.0
KE015,Kitui,2013-12,73.0,38.0
KE015,Kitui,2014-01,74.0,37.0
KE015,Kitui,2014-02,78.75,35.0
KE015,Kitui,2014-03,79.0,36.0
KE015,Kitui,2014-04,80.0,36.0
KE015,Kitui,2014-05,81.0,37.0
KE015,Kitui,2014-06,81.0,38.0
KE015,Kitui,2014-07,77.0,39.0
KE015,Kitui,2014-08,75.0,36.0
KE015,Kitui,2014-09,72.5,34.0
KE015,Kitui,2014-10,72.5,32.0
KE015,Kitui,2014-11,76.0,32.0
KE015,Kitui,2014-12,66.0,30.0
KE015,Kitui,2015-01,69.0,29.0
KE015,Kitui,2015-02,71.0,29.0
KE015,Kitui,2015-03,75.0,30.0
KE015,Kitui,2015-04,86.0,33.0
KE015,Kitui,2015-05,90.0,37.0
KE015,Kitui,2015-06,91.0,35.0
KE015,Kitui,2015-07,79.0,37.0
KE015,Kitui,2015-08,78.0,36.0
KE015,Kitui,2015-09,74.0,33.0
KE015,Kitui,2015-10,79.0,34.0
KE015,Kitui,2015-11,78.0,33.0
KE015,Kitui,2015-12,77.0,33.0
KE015,Kitui,2016-01,73.0,31.0
KE015,Kitui,2016-02,74.0,31.0
KE015,Kitui,2016-03,72.0,29.0
KE015,Kitui,2016-04,71.0,29.0
KE015,Kitui,2016-05,72.0,28.0
KE015,Kitui,2016-06,73.0,28.0
KE015,Kitui,2016-07,75.0,31.0
KE015,Kitui,2016-08,78.0,33.0
KE015,Kitui,2016-09,73.0,34.0
KE015,Kitui,2016-10,77.5,34.0
KE015,Kitui,2016-11,77.5,35.0
KE015,Kitui,2016-12,76.5,35.0
KE015,Kitui,2017-01,79.0,38.0
KE015,Kitui,2017-02,86.0,48.0
KE015,Kitui,2017-03,91.2,46.2
KE015,Kitui,2017-04,93.0,54.0
KE015,Kitui,2017-05,89.0,58.0
KE015,Kitui,2017-06,91.0,58.0
KE015,Kitui,2017-07,92.0,58.0
KE015,Kitui,2017-08,83.0,45.0
KE015,Kitui,2017-09,80.0,41.0
KE015,Kitui,2017-10,89.0,37.0
KE015,Kitui,2017-11,83.0,37.0
KE015,Kitui,2017-12,82.0,35.0
KE015,Kitui,2018-01,79.1,36.9
KE015,Kitui,2018-02,80.0,36.0
KE015,Kitui,2018-03,82.0,34.0
KE015,Kitui,2018-04,79.0,30.0
KE015,Kitui,2018-05,73.0,30.0
KE015,Kitui,2018-06,74.0,31.0
KE015,Kitui,2018-07,73.4,29.6
KE015,Kitui,2018-08,76.7,30.0
KE015,Kitui,2018-09,76.9,27.0
KE015,Kitui,2018-10,81.0,33.56
KE015,Kitui,2018-11,71.0,26.9
KE015,Kitui,2018-12,66.1,27.9
KE015,Kitui,2019-01,71.0,29.0
KE015,Kitui,2019-02,69.0,27.0
KE015,Kitui,2019-03,70.0,29.0
KE015,Kitui,2019-04,77.0,34.0
KE015,Kitui,2019-05,80.0,42.0
KE015,Kitui,2019-06,85.0,41.0
KE015,Kitui,2019-07,87.6,43.5
KE015,Kitui,2019-08,93.1,44.8
KE015,Kitui,2019-09,89.8,43.3
KE015,Kitui,2019-10,87.4,44.6
KE015,Kitui,2019-11,92.3,43.6
KE015,Kitui,2019-12,89.3,44.6
KE015,Kitui,2020-01,79.0,38.0
KE015,Kitui,2020-02,78.0,37.0
KE015,Kitui,2020-03,78.0,30.0
KE015,Kitui,2020-04,86.0,32.0
KE015,Kitui,2020-05,92.0,34.0
KE015,Kitui,2020-06,95.0,33.0
KE015,Kitui,2020-07,98.0,34.0
KE015,Kitui,2020-08,92.0,33.0
KE015,Kitui,2020-09,94.0,34.0
KE015,Kitui,2020-10,85.0,33.0
KE015,Kitui,2020-11,94.0,35.0
KE015,Kitui,2020-12,94.0,33.0
KE017,Makueni,2024-03,152.5,54.5
KE009,Mandera,2006-01,,30.0
KE009,Mandera,2006-02,,29.0
KE009,Mandera,2006-03,,27.0
KE009,Mandera,2006-04,,28.0
KE009,Mandera,2006-05,,25.0
KE009,Mandera,2006-06,,22.0
KE009,Mandera,2006-07,,23.0
KE009,Mandera,2006-08,,23.0
KE009,Mandera,2006-09,,22.0
KE009,Mandera,2006-10,,23.0
KE009,Mandera,2006-11,,31.0
KE009,Mandera,2006-12,,28.0
KE009,Mandera,2007-01,,20.0
KE009,Mandera,2007-02,,23.0
KE009,Mandera,2007-03,,22.0
KE009,Mandera,2007-04,,26.0
KE009,Mandera,2007-05,,33.0
KE009,Mandera,2007-06,,29.0
KE009,Mandera,2007-07,,25.0
KE009,Mandera,2007-08,,30.0
KE009,Mandera,2007-09,,29.0
KE009,Mandera,2007-10,,31.0
KE009,Mandera,2007-11,,26.0
KE009,Mandera,2007-12,,31.0
KE009,Mandera,2008-01,,31.0
KE009,Mandera,2008-02,,29.0
KE009,Mandera,2008-03,,33.0
KE009,Mandera,2008-04,,31.0
KE009,Mandera,2008-05,,34.0
KE009,Mandera,2008-06,,31.0
KE009,Mandera,2008-07,,32.0
KE009,Mandera,2008-08,,34.0
KE009,Mandera,2008-09,,34.0
KE009,Mandera,2008-10,,35.0
KE009,Mandera,2008-11,,36.0
KE009,Mandera,2008-12,,37.0
KE009,Mandera,2009-01,,37.0
KE009,Mandera,2009-02,,35.0
KE009,Mandera,2009-03,,37.0
KE009,Mandera,2009-04,,39.0
KE009,Mandera,2009-05,,40.0
KE009,Mandera,2009-06,,43.0
KE009,Mandera,2009-07,,44.0
KE009,Mandera,2009-08,,44.0
KE009,Mandera,2009-09,,40.0
KE009,Mandera,2009-10,,41.0
KE009,Mandera,2009-11,,39.0
KE009,Mandera,2009-12,,36.0
KE009,Mandera,2010-01,,36.0
KE009,Mandera,2010-02,,39.0
KE009,Mandera,2010-03,,34.0
KE009,Mandera,2010-04,,33.0
KE009,Mandera,2010-05,,36.0
KE009,Mandera,2010-06,,39.0
KE009,Mandera,2010-07,,41.0
KE009,Mandera,2010-08,,44.0
KE009,Mandera,2010-09,,45.0
KE009,Mandera,2010-10,,45.0
KE009,Mandera,2010-11,,47.0
KE009,Mandera,2010-12,,49.0
KE009,Mandera,2011-01,,50.0
KE009,Mandera,2011-02,,51.0
KE009,Mandera,2011-03,,52.0
KE009,Mandera,2011-04,,54.0
KE009,Mandera,2011-05,,57.0
KE009,Mandera,2011-06,,59.0
KE009,Mandera,2011-07,,63.0
KE009,Mandera,2011-08,,63.0
KE009,Mandera,2011-09,,65.0
KE009,Mandera,2011-10,,67.0
KE009,Mandera,2011-11,,65.0
KE009,Mandera,2011-12,,60.0
KE009,Mandera,2012-01,,76.0
KE009,Mandera,2012-02,,76.0
KE009,Mandera,2012-03,,78.0
KE009,Mandera,2012-04,,78.24
KE009,Mandera,2012-05,,78.67
KE009,Mandera,2012-06,,79.0
KE009,Mandera,2012-07,,80.0
KE009,Mandera,2012-08,,80.0
KE009,Mandera,2012-09,,80.0
KE009,Mandera,2012-10,,79.0
KE009,Mandera,2012-11,,79.0
KE009,Mandera,2012-12,,80.0
KE009,Mandera,2013-01,,78.0
KE009,Mandera,2013-02,,78.0
KE009,Mandera,2013-03,,79.0
KE009,Mandera,2013-04,,80.0
KE009,Mandera,2013-05,,80.0
KE009,Mandera,2013-06,,78.0
KE009,Mandera,2013-07,,83.0
KE009,Mandera,2013-08,,76.0
KE009,Mandera,2013-09,,67.0
KE009,Mandera,2013-10,,69.0
KE009,Mandera,2013-11,,67.0
KE009,Mandera,2013-12,,64.0
KE009,Mandera,2014-01,,60.0
KE009,Mandera,2014-02,,57.0
KE009,Mandera,2014-03,,57.0
KE009,Mandera,2014-04,,56.0
KE009,Mandera,2014-05,,56.0
KE009,Mandera,2014-06,,57.0
KE009,Mandera,2014-07,,59.0
KE009,Mandera,2014-08,,61.0
KE009,Mandera,2014-09,,63.0
KE009,Mandera,2014-10,,66.0
KE009,Mandera,2014-11,,64.0
KE009,Mandera,2014-12,,60.0
KE009,Mandera,2015-01,,66.0
KE009,Mandera,2015-02,,66.0
KE009,Mandera,2015-03,,68.0
KE009,Mandera,2015-04,,68.0
KE009,Mandera,2015-05,,65.0
KE009,Mandera,2015-06,,65.0
KE009,Mandera,2015-07,,67.0
KE009,Mandera,2015-08,,68.0
KE009,Mandera,2015-09,,65.0
KE009,Mandera,2015-10,,65.0
KE009,Mandera,2015-11,,66.0
KE009,Mandera,2015-12,,65.0
KE009,Mandera,2016-01,,60.0
KE009,Mandera,2016-02,,61.0
KE009,Mandera,2016-03,,62.0
KE009,Mandera,2016-05,,65.0
KE009,Mandera,2016-06,,66.0
KE009,Mandera,2016-07,,66.0
KE009,Mandera,2016-08,,64.0
KE009,Mandera,2016-09,,46.6
KE009,Mandera,2016-10,,63.0
KE009,Mandera,2016-11,,65.0
KE009,Mandera,2016-12,,66.0
KE009,Mandera,2017-01,,66.0
KE009,Mandera,2017-02,,64.0
KE009,Mandera,2017-03,,68.6
KE009,Mandera,2017-04,,65.0
KE009,Mandera,2017-05,,64.0
KE009,Mandera,2017-06,,66.0
KE009,Mandera,2017-07,,66.0
KE009,Mandera,2017-08,,67.0
KE009,Mandera,2017-09,,70.0
KE009,Mandera,2017-10,,70.0
KE009,Mandera,2017-11,,65.0
KE009,Mandera,2017-12,,67.0
KE009,Mandera,2018-01,,67.5
KE009,Mandera,2018-02,,67.0
KE009,Mandera,2018-03,,65.0
KE009,Mandera,2018-04,,63.0
KE009,Mandera,2018-05,,66.0
KE009,Mandera,2018-06,,64.0
KE009,Mandera,2018-07,,63.0
KE009,Mandera,2018-08,,64.0
KE009,Mandera,2018-09,,67.0
KE009,Mandera,2018-10,,67.0
KE009,Mandera,2018-11,,65.0
KE009,Mandera,2018-12,,68.0
KE009,Mandera,2019-01,,68.0
KE009,Mandera,2019-02,,70.0
KE009,Mandera,2019-03,,75.0
KE009,Mandera,2019-04,,74.0
KE009,Mandera,2019-05,,75.0
KE009,Mandera,2019-06,,75.0
KE009,Mandera,2019-07,,76.9
KE009,Mandera,2019-08,,80.0
KE009,Mandera,2019-09,,81.8
KE009,Mandera,2019-10,,80.0
KE009,Mandera,2019-11,,85.0
KE009,Mandera,2019-12,,80.0
KE009,Mandera,2020-01,,80.0
KE009,Mandera,2020-02,,79.0
KE009,Mandera,2020-03,,77.0
KE009,Mandera,2020-04,,81.0
KE009,Mandera,2020-05,,82.0
KE009,Mandera,2020-06,,82.0
KE009,Mandera,2020-07,,81.0
KE009,Mandera,2020-08,,82.0
KE009,Mandera,2020-09,,84.0
KE009,Mandera,2020-10,,82.0
KE009,Mandera,2020-11,,83.0
KE009,Mandera,2020-12,,82.0
KE009,Mandera,2023-12,232.33333333333334,124.75
KE009,Mandera,2024-03,205.28571428571428,110.0
KE009,Mandera,2024-06,157.0,110.0
KE009,Mandera,2024-09,166.5,86.66666666666667
KE009,Mandera,2025-03,,115.0
KE009,Mandera,2025-06,211.0,117.66666666666667
KE009,Mandera,2025-09,154.33333333333334,108.5
KE009,Mandera,2025-12,166.0,85.0
KE010,Marsabit,2006-01,,21.0
KE010,Marsabit,2006-02,,22.0
KE010,Marsabit,2006-03,,22.0
KE010,Marsabit,2006-04,,24.0
KE010,Marsabit,2006-05,,22.0
KE010,Marsabit,2006-06,,20.0
KE010,Marsabit,2006-07,,21.0
KE010,Marsabit,2006-08,,22.0
KE010,Marsabit,2006-09,,20.0
KE010,Marsabit,2006-10,,21.0
KE010,Marsabit,2006-11,,20.0
KE010,Marsabit,2006-12,,20.0
KE010,Marsabit,2007-01,,16.0
KE010,Marsabit,2007-02,,16.0
KE010,Marsabit,2007-03,,14.0
KE010,Marsabit,2007-04,,12.0
KE010,Marsabit,2007-05,,15.0
KE010,Marsabit,2007-06,,15.0
KE010,Marsabit,2007-07,,15.0
KE010,Marsabit,2007-08,,15.0
KE010,Marsabit,2007-09,,18.0
KE010,Marsabit,2007-10,,15.0
KE010,Marsabit,2007-11,,18.0
KE010,Marsabit,2007-12,,23.0
KE010,Marsabit,2008-01,,22.0
KE010,Marsabit,2008-02,,23.0
KE010,Marsabit,2008-03,,24.0
KE010,Marsabit,2008-04,,26.0
KE010,Marsabit,2008-05,,27.0
KE010,Marsabit,2008-06,,27.0
KE010,Marsabit,2008-07,,29.0
KE010,Marsabit,2008-08,,30.0
KE010,Marsabit,2008-09,,31.0
KE010,Marsabit,2008-10,,32.0
KE010,Marsabit,2008-11,,42.0
KE010,Marsabit,2008-12,,42.0
KE010,Marsabit,2009-01,,44.0
KE010,Marsabit,2009-02,,42.0
KE010,Marsabit,2009-03,,42.0
KE010,Marsabit,2009-04,,44.0
KE010,Marsabit,2009-05,,46.0
KE010,Marsabit,2009-06,,45.0
KE010,Marsabit,2009-07,,47.5
KE010,Marsabit,2009-08,,42.5
KE010,Marsabit,2009-09,,43.0
KE010,Marsabit,2009-10,,43.0
KE010,Marsabit,2009-11,,43.0
KE010,Marsabit,2009-12,,43.0
KE010,Marsabit,2010-01,,42.5
KE010,Marsabit,2010-02,,42.5
KE010,Marsabit,2010-03,,38.0
KE010,Marsabit,2010-04,,33.0
KE010,Marsabit,2010-05,,32.5
KE010,Marsabit,2010-06,,33.0
KE010,Marsabit,2010-07,,32.5
KE010,Marsabit,2010-08,,32.0
KE010,Marsabit,2010-09,,32.0
KE010,Marsabit,2010-10,,30.0
KE010,Marsabit,2010-11,,32.0
KE010,Marsabit,2010-12,,32.0
KE010,Marsabit,2011-01,,38.0
KE010,Marsabit,2011-02,,36.0
KE010,Marsabit,2011-03,,36.0
KE010,Marsabit,2011-04,,44.0
KE010,Marsabit,2011-05,,44.6
KE010,Marsabit,2011-06,,45.6
KE010,Marsabit,2011-07,,53.0
KE010,Marsabit,2011-08,,59.16
KE010,Marsabit,2011-09,,62.22
KE010,Marsabit,2012-01,,50.9
KE010,Marsabit,2012-02,,44.1
KE010,Marsabit,2012-03,,49.12
KE010,Marsabit,2012-04,,50.54
KE010,Marsabit,2012-05,,44.5
KE010,Marsabit,2012-06,,52.94
KE010,Marsabit,2012-07,,50.12
KE010,Marsabit,2012-08,,51.6
KE010,Marsabit,2012-09,,51.2
KE010,Marsabit,2012-10,,51.7
KE010,Marsabit,2012-11,,51.8
KE010,Marsabit,2012-12,,50.4
KE010,Marsabit,2013-01,,53.4
KE010,Marsabit,2013-02,,47.5
KE010,Marsabit,2013-04,,47.6
KE010,Marsabit,2013-05,,50.3
KE010,Marsabit,2013-06,,45.0
KE010,Marsabit,2013-07,,50.5
KE010,Marsabit,2013-08,,50.4
KE010,Marsabit,2013-09,,43.75
KE010,Marsabit,2013-10,,52.38
KE010,Marsabit,2013-11,,55.34
KE010,Marsabit,2013-12,,56.77
KE010,Marsabit,2014-01,,53.36
KE010,Marsabit,2014-02,,50.96
KE010,Marsabit,2014-03,,48.16
KE010,Marsabit,2014-04,,44.7
KE010,Marsabit,2014-05,,46.67
KE010,Marsabit,2014-06,,51.5
KE010,Marsabit,2014-07,,49.6
KE010,Marsabit,2014-08,,53.6
KE010,Marsabit,2014-09,,49.1
KE010,Marsabit,2014-10,,51.2
KE010,Marsabit,2014-11,,50.7
KE010,Marsabit,2014-12,,48.8
KE010,Marsabit,2015-01,,48.9
KE010,Marsabit,2015-02,,52.1
KE010,Marsabit,2015-03,,49.4
KE010,Marsabit,2015-04,,48.4
KE010,Marsabit,2015-05,,48.8
KE010,Marsabit,2015-06,,49.2
KE010,Marsabit,2015-07,,51.3
KE010,Marsabit,2015-08,,50.3
KE010,Marsabit,2015-09,,51.4
KE010,Marsabit,2015-10,,51.6
KE010,Marsabit,2015-12,,51.2
KE010,Marsabit,2016-01,,48.0
KE010,Marsabit,2016-02,,47.3
KE010,Marsabit,2016-03,,47.7
KE010,Marsabit,2016-05,,43.0
KE010,Marsabit,2016-06,,43.9
KE010,Marsabit,2016-07,,42.4
KE010,Marsabit,2016-08,,42.7
KE010,Marsabit,2016-09,,43.3
KE010,Marsabit,2016-10,,46.5
KE010,Marsabit,2016-11,,45.8
KE010,Marsabit,2016-12,,45.5
KE010,Marsabit,2017-01,,46.7
KE010,Marsabit,2017-02,,47.0
KE010,Marsabit,2017-03,,46.6
KE010,Marsabit,2017-04,,52.9
KE010,Marsabit,2017-05,,47.0
KE010,Marsabit,2017-06,,49.0
KE010,Marsabit,2017-07,,51.0
KE010,Marsabit,2017-08,,52.0
KE010,Marsabit,2017-09,,53.0
KE010,Marsabit,2017-10,,49.0
KE010,Marsabit,2017-11,,48.0
KE010,Marsabit,2017-12,,50.0
KE010,Marsabit,2018-01,,52.0
KE010,Marsabit,2018-02,,53.0
KE010,Marsabit,2018-03,,52.0
KE010,Marsabit,2018-04,,53.0
KE010,Marsabit,2018-05,,48.0
KE010,Marsabit,2018-06,,45.0
KE010,Marsabit,2018-07,,41.0
KE010,Marsabit,2018-08,,39.0
KE010,Marsabit,2018-09,,41.0
KE010,Marsabit,2018-10,,42.0
KE010,Marsabit,2018-11,,44.0
KE010,Marsabit,2018-12,,43.0
KE010,Marsabit,2019-01,,41.0
KE010,Marsabit,2019-02,,44.0
KE010,Marsabit,2019-03,,47.0
KE010,Marsabit,2019-04,,49.0
KE010,Marsabit,2019-05,,50.0
KE010,Marsabit,2019-06,,47.0
KE010,Marsabit,2019-07,,46.0
KE010,Marsabit,2019-08,,46.8
KE010,Marsabit,2019-09,,46.5
KE010,Marsabit,2019-10,,50.0
KE010,Marsabit,2019-11,,49.0
KE010,Marsabit,2019-12,,45.0
KE010,Marsabit,2020-03,,43.0
KE010,Marsabit,2020-05,,48.0
KE010,Marsabit,2020-06,,46.0
KE010,Marsabit,2020-07,,47.0
KE010,Marsabit,2020-08,,45.0
KE010,Marsabit,2020-09,,45.0
KE010,Marsabit,2020-10,,44.0
KE010,Marsabit,2020-11,,44.0
KE010,Marsabit,2020-12,,47.0
KE010,Marsabit,2023-12,163.33333333333334,85.16666666666667
KE010,Marsabit,2024-03,144.22222222222223,70.66666666666667
KE010,Marsabit,2024-06,131.25,71.81818181818181
KE010,Marsabit,2024-09,130.0,67.71428571428571
KE010,Marsabit,2025-03,120.0,60.0
KE001,Mombasa,2023-12,147.0,
KE001,Mombasa,2024-03,150.0,67.0
KE001,Mombasa,2024-06,127.0,57.0
KE047,Nairobi,2020-08,108.0,
KE025,Samburu,2023-12,176.45454545454547,72.85714285714286
KE025,Samburu,2024-03,173.75,68.7
KE025,Samburu,2024-06,148.25,63.07692307692308
KE025,Samburu,2024-09,139.14285714285714,55.1
KE025,Samburu,2025-09,175.0,55.1
KE006,Taita Taveta,2024-03,154.0,53.0
KE004,Tana River,2023-12,184.5,84.83333333333333
KE004,Tana River,2024-03,163.5,84.0
KE004,Tana River,2024-06,162.125,68.33333333333333
KE004,Tana River,2024-09,152.4,80.54166666666667
KE004,Tana River,2025-03,155.78571428571428,76.5
KE004,Tana River,2025-09,180.0,95.0
KE004,Tana River,2025-12,,95.0
KE023,Turkana,2006-01,,26.0
KE023,Turkana,2006-02,,28.0
KE023,Turkana,2006-03,,27.0
KE023,Turkana,2006-04,,30.0
KE023,Turkana,2006-05,,26.0
KE023,Turkana,2006-06,,27.0
KE023,Turkana,2006-07,,26.0
KE023,Turkana,2006-08,,27.0
KE023,Turkana,2006-09,,29.0
KE023,Turkana,2006-10,,30.0
KE023,Turkana,2006-11,,28.0
KE023,Turkana,2006-12,,28.0
KE023,Turkana,2007-01,,30.0
KE023,Turkana,2007-02,,30.0
KE023,Turkana,2007-03,,30.0
KE023,Turkana,2007-04,,31.0
KE023,Turkana,2007-05,,29.0
KE023,Turkana,2007-06,,30.0
KE023,Turkana,2007-07,,30.0
KE023,Turkana,2007-08,,28.0
KE023,Turkana,2007-09,,28.0
KE023,Turkana,2007-10,,27.0
KE023,Turkana,2007-11,,27.0
KE023,Turkana,2007-12,,30.0
KE023,Turkana,2008-01,,37.0
KE023,Turkana,2008-02,,38.0
KE023,Turkana,2008-03,,35.0
KE023,Turkana,2008-04,,40.0
KE023,Turkana,2008-05,,55.0
KE023,Turkana,2008-06,,50.0
KE023,Turkana,2008-07,,47.0
KE023,Turkana,2008-08,,43.0
KE023,Turkana,2008-09,,45.0
KE023,Turkana,2008-10,,44.0
KE023,Turkana,2008-11,,42.0
KE023,Turkana,2008-12,,42.0
KE023,Turkana,2009-01,,49.0
KE023,Turkana,2009-02,,43.0
KE023,Turkana,2009-03,,40.0
KE023,Turkana,2009-04,,41.0
KE023,Turkana,2009-05,,46.0
KE023,Turkana,2009-06,,47.7
KE023,Turkana,2009-07,,52.0
KE023,Turkana,2009-08,,48.0
KE023,Turkana,2009-09,,51.0
KE023,Turkana,2009-10,,51.0
KE023,Turkana,2009-11,,46.7
KE023,Turkana,2009-12,,45.8
KE023,Turkana,2010-01,,49.6
KE023,Turkana,2010-02,,45.7
KE023,Turkana,2010-03,,44.5
KE023,Turkana,2010-04,,44.93
KE023,Turkana,2010-05,,46.0
KE023,Turkana,2010-06,,44.0
KE023,Turkana,2010-07,,43.61
KE023,Turkana,2010-08,,44.0
KE023,Turkana,2010-09,,46.29
KE023,Turkana,2010-10,,44.0
KE023,Turkana,2010-11,,44.7
KE023,Turkana,2010-12,,42.29
KE023,Turkana,2011-01,,44.0
KE023,Turkana,2011-02,,42.6
KE023,Turkana,2011-03,,46.0
KE023,Turkana,2011-04,,54.9
KE023,Turkana,2011-05,,60.0
KE023,Turkana,2011-06,,64.0
KE023,Turkana,2011-07,,74.8
KE023,Turkana,2011-08,,72.73
KE023,Turkana,2011-09,,65.55
KE023,Turkana,2011-10,,64.3
KE023,Turkana,2011-11,,64.23
KE023,Turkana,2011-12,,64.58
KE023,Turkana,2012-01,,61.35
KE023,Turkana,2012-02,,56.0
KE023,Turkana,2012-03,,54.98
KE023,Turkana,2012-04,,60.13
KE023,Turkana,2012-05,,58.75
KE023,Turkana,2012-06,,58.65
KE023,Turkana,2012-07,,68.2
KE023,Turkana,2012-08,,62.55
KE023,Turkana,2012-09,,66.0
KE023,Turkana,2012-10,,76.62
KE023,Turkana,2012-11,,78.02
KE023,Turkana,2012-12,,81.83
KE023,Turkana,2013-01,,75.8
KE023,Turkana,2013-02,,78.78
KE023,Turkana,2013-03,,82.7
KE023,Turkana,2013-04,,87.8
KE023,Turkana,2013-05,,84.75
KE023,Turkana,2013-06,,86.35
KE023,Turkana,2013-07,,76.5
KE023,Turkana,2013-08,,76.04
KE023,Turkana,2013-09,,71.88
KE023,Turkana,2013-10,,74.17
KE023,Turkana,2013-11,,74.58
KE023,Turkana,2013-12,,71.93
KE023,Turkana,2014-01,,84.0
KE023,Turkana,2014-02,,78.05
KE023,Turkana,2014-04,,70.1
KE023,Turkana,2014-05,,75.02
KE023,Turkana,2014-06,,81.83
KE023,Turkana,2014-07,,77.1
KE023,Turkana,2014-08,,80.78
KE023,Turkana,2014-09,,71.55
KE023,Turkana,2014-10,,75.0
KE023,Turkana,2014-11,,72.0
KE023,Turkana,2014-12,,79.0
KE023,Turkana,2015-01,,82.0
KE023,Turkana,2015-02,,74.0
KE023,Turkana,2015-03,,70.0
KE023,Turkana,2015-04,,78.0
KE023,Turkana,2015-05,,69.0
KE023,Turkana,2015-06,,73.0
KE023,Turkana,2015-07,,75.0
KE023,Turkana,2015-08,,82.0
KE023,Turkana,2015-09,,76.0
KE023,Turkana,2015-10,,79.0
KE023,Turkana,2015-11,,78.0
KE023,Turkana,2015-12,,81.0
KE023,Turkana,2016-01,,81.0
KE023,Turkana,2016-02,,75.0
KE023,Turkana,2016-03,,76.0
KE023,Turkana,2016-05,,84.0
KE023,Turkana,2016-06,,75.0
KE023,Turkana,2016-07,,75.0
KE023,Turkana,2016-08,,69.0
KE023,Turkana,2016-09,,71.0
KE023,Turkana,2016-10,,73.0
KE023,Turkana,2016-11,,74.0
KE023,Turkana,2016-12,,77.0
KE023,Turkana,2017-01,,87.0
KE023,Turkana,2017-02,,82.0
KE023,Turkana,2017-03,,90.7
KE023,Turkana,2017-04,,92.6
KE023,Turkana,2017-05,,98.0
KE023,Turkana,2017-06,,100.0
KE023,Turkana,2017-07,,91.0
KE023,Turkana,2017-08,,88.0
KE023,Turkana,2017-09,,87.0
KE023,Turkana,2017-10,,81.0
KE023,Turkana,2017-11,,80.0
KE023,Turkana,2017-12,,81.0
KE023,Turkana,2018-01,,82.0
KE023,Turkana,2018-02,,85.5
KE023,Turkana,2018-03,,86.3
KE023,Turkana,2018-04,,85.0
KE023,Turkana,2018-05,,84.0
KE023,Turkana,2018-06,,83.0
KE023,Turkana,2018-07,,81.0
KE023,Turkana,2018-08,,59.0
KE023,Turkana,2018-09,,63.0
KE023,Turkana,2018-10,,61.0
KE023,Turkana,2018-11,,62.0
KE023,Turkana,2018-12,,60.0
KE023,Turkana,2019-01,,66.0
KE023,Turkana,2019-02,,64.8
KE023,Turkana,2019-03,,61.0
KE023,Turkana,2019-04,,61.0
KE023,Turkana,2019-05,,66.0
KE023,Turkana,2019-06,,63.0
KE023,Turkana,2019-07,,66.7
KE023,Turkana,2019-08,,67.1
KE023,Turkana,2019-09,,66.3
KE023,Turkana,2019-10,,67.0
KE023,Turkana,2019-11,,64.0
KE023,Turkana,2019-12,,65.0
KE023,Turkana,2020-01,,64.0
KE023,Turkana,2020-02,,64.0
KE023,Turkana,2020-04,,60.0
KE023,Turkana,2020-05,,70.0
KE023,Turkana,2020-06,,69.0
KE023,Turkana,2020-07,,71.0
KE023,Turkana,2020-08,,70.0
KE023,Turkana,2020-09,,70.0
KE023,Turkana,2020-10,,68.0
KE023,Turkana,2020-11,,65.0
KE023,Turkana,2020-12,,65.0
KE023,Turkana,2023-12,177.42307692307693,99.45588235294117
KE023,Turkana,2024-03,167.43243243243242,89.4186046511628
KE023,Turkana,2024-06,155.40277777777777,86.14772727272727
KE023,Turkana,2024-09,144.9268292682927,84.08823529411765
KE023,Turkana,2025-03,151.0909090909091,87.0
KE023,Turkana,2025-06,135.5,78.54545454545455
KE023,Turkana,2025-09,135.16666666666666,86.35714285714286
KE023,Turkana,2025-12,122.0,63.2
KE008,Wajir,2023-12,214.0,104.25
KE008,Wajir,2024-03,190.57142857142858,112.85714285714286
KE008,Wajir,2024-06,162.0,99.0
KE008,Wajir,2024-09,168.0,90.71428571428571
KE008,Wajir,2025-03,146.5,87.5
KE008,Wajir,2025-09,153.5,79.0
KE008,Wajir,2025-12,139.33333333333334,74.0
